[Thu Aug  7 01:20:19 AM UTC 2025] INFO: Starting Keycloak container setup
[Thu Aug  7 01:20:19 AM UTC 2025] INFO: Waiting for PostgreSQL at purebliss-postgres:5432 (up to 2 minutes)...
[Thu Aug  7 01:20:19 AM UTC 2025] INFO: PostgreSQL is available after 1 attempts.
[Thu Aug  7 01:20:19 AM UTC 2025] INFO: Waiting for Redis at purebliss-redis:6379 (up to 2 minutes)...
[Thu Aug  7 01:20:19 AM UTC 2025] INFO: Redis is available after 1 attempts.
[Thu Aug  7 01:20:19 AM UTC 2025] INFO: Vault integration disabled. Using development defaults.
[Thu Aug  7 01:20:19 AM UTC 2025] INFO: Environment variables before Keycloak start:
[Thu Aug  7 01:20:19 AM UTC 2025] ENV: KC_RUN_IN_CONTAINER=true
[Thu Aug  7 01:20:19 AM UTC 2025] ENV: KC_DB_URL=jdbc:postgresql://purebliss-postgres:5432/keycloak
[Thu Aug  7 01:20:19 AM UTC 2025] ENV: KC_DB_NAME=keycloak
[Thu Aug  7 01:20:19 AM UTC 2025] ENV: KC_DB_USERNAME=keycloak
[Thu Aug  7 01:20:19 AM UTC 2025] ENV: KC_DB=postgres
[Thu Aug  7 01:20:19 AM UTC 2025] ENV: KC_DB_PASSWORD=keycloak_secure_password
[Thu Aug  7 01:20:19 AM UTC 2025] INFO: Starting Keycloak...
Updating the configuration and installing your custom providers, if any. Please wait.
2025-08-07 01:20:24,609 WARN  [io.qua.dep.ind.IndexWrapper] (build-54) Failed to index org.springframework.core.io.Resource: Class does not exist in ClassLoader QuarkusClassLoader:Deployment Class Loader: PROD for keycloak@130a0f66
2025-08-07 01:20:24,613 WARN  [io.qua.dep.ind.IndexWrapper] (build-54) Failed to index org.springframework.core.io.DefaultResourceLoader: Class does not exist in ClassLoader QuarkusClassLoader:Deployment Class Loader: PROD for keycloak@130a0f66
2025-08-07 01:20:24,613 WARN  [io.qua.dep.ind.IndexWrapper] (build-54) Failed to index org.springframework.core.io.ResourceLoader: Class does not exist in ClassLoader QuarkusClassLoader:Deployment Class Loader: PROD for keycloak@130a0f66
2025-08-07 01:20:24,632 WARN  [io.qua.dep.ind.IndexWrapper] (build-54) Failed to index org.apache.tools.ant.Task: Class does not exist in ClassLoader QuarkusClassLoader:Deployment Class Loader: PROD for keycloak@130a0f66
2025-08-07 01:20:24,720 WARN  [io.qua.dep.ind.IndexWrapper] (build-54) Failed to index jakarta.jms.Connection: Class does not exist in ClassLoader QuarkusClassLoader:Deployment Class Loader: PROD for keycloak@130a0f66
2025-08-07 01:20:24,729 WARN  [io.qua.dep.ind.IndexWrapper] (build-54) Failed to index org.apache.activemq.artemis.core.journal.RecordInfo: Class does not exist in ClassLoader QuarkusClassLoader:Deployment Class Loader: PROD for keycloak@130a0f66
2025-08-07 01:20:24,730 WARN  [io.qua.dep.ind.IndexWrapper] (build-54) Failed to index org.apache.activemq.artemis.core.journal.Journal: Class does not exist in ClassLoader QuarkusClassLoader:Deployment Class Loader: PROD for keycloak@130a0f66
2025-08-07 01:20:24,730 WARN  [io.qua.dep.ind.IndexWrapper] (build-54) Failed to index io.mashona.logwriting.ArrayStore: Class does not exist in ClassLoader QuarkusClassLoader:Deployment Class Loader: PROD for keycloak@130a0f66
2025-08-07 01:20:24,735 WARN  [io.qua.dep.ind.IndexWrapper] (build-54) Failed to index jakarta.jms.XAConnection: Class does not exist in ClassLoader QuarkusClassLoader:Deployment Class Loader: PROD for keycloak@130a0f66
2025-08-07 01:20:24,736 WARN  [io.qua.dep.ind.IndexWrapper] (build-54) Failed to index jakarta.jms.XASession: Class does not exist in ClassLoader QuarkusClassLoader:Deployment Class Loader: PROD for keycloak@130a0f66
2025-08-07 01:20:24,736 WARN  [io.qua.dep.ind.IndexWrapper] (build-54) Failed to index jakarta.jms.XAConnectionFactory: Class does not exist in ClassLoader QuarkusClassLoader:Deployment Class Loader: PROD for keycloak@130a0f66
2025-08-07 01:20:29,506 INFO  [io.qua.dep.QuarkusAugmentor] (main) Quarkus augmentation completed in 8262ms
2025-08-07 01:20:30,799 INFO  [org.keycloak.quarkus.runtime.hostname.DefaultHostnameProvider] (main) Hostname settings: Base URL: <unset>, Hostname: <request>, Strict HTTPS: false, Path: <request>, Strict BackChannel: false, Admin URL: <unset>, Admin: <request>, Port: -1, Proxied: false
2025-08-07 01:20:32,656 WARN  [io.quarkus.agroal.runtime.DataSources] (JPA Startup Thread) Datasource <default> enables XA but transaction recovery is not enabled. Please enable transaction recovery by setting quarkus.transaction-manager.enable-recovery=true, otherwise data may be lost if the application is terminated abruptly
2025-08-07 01:20:33,114 WARN  [org.infinispan.CONFIG] (keycloak-cache-init) ISPN000569: Unable to persist Infinispan internal caches as no global state enabled
2025-08-07 01:20:33,239 INFO  [org.infinispan.CONTAINER] (keycloak-cache-init) ISPN000556: Starting user marshaller 'org.infinispan.jboss.marshalling.core.JBossUserMarshaller'
2025-08-07 01:20:34,026 INFO  [org.keycloak.broker.provider.AbstractIdentityProviderMapper] (main) Registering class org.keycloak.broker.provider.mappersync.ConfigSyncEventListener
2025-08-07 01:20:34,043 INFO  [org.keycloak.connections.infinispan.DefaultInfinispanConnectionProviderFactory] (main) Node name: node_88129, Site name: null
2025-08-07 01:20:34,727 INFO  [io.quarkus] (main) Keycloak 24.0.5 on JVM (powered by Quarkus 3.8.4) started in 4.970s. Listening on: http://0.0.0.0:8080
2025-08-07 01:20:34,727 INFO  [io.quarkus] (main) Profile dev activated. 
2025-08-07 01:20:34,727 INFO  [io.quarkus] (main) Installed features: [agroal, cdi, hibernate-orm, jdbc-postgresql, keycloak, logging-gelf, narayana-jta, reactive-routes, resteasy-reactive, resteasy-reactive-jackson, smallrye-context-propagation, vertx]
2025-08-07 01:20:34,731 WARN  [org.keycloak.quarkus.runtime.KeycloakMain] (main) Running the server in development mode. DO NOT use this configuration in production.
2025-08-07 07:38:00,350 ERROR [org.keycloak.services.error.KeycloakErrorHandler] (executor-thread-1) Uncaught server error: java.lang.NullPointerException: Cannot invoke "Object.toString()" because the return value of "io.vertx.core.http.HttpServerRequest.authority()" is null
	at org.jboss.resteasy.reactive.server.vertx.VertxResteasyReactiveRequestContext.getRequestHost(VertxResteasyReactiveRequestContext.java:194)
	at org.jboss.resteasy.reactive.server.core.ResteasyReactiveRequestContext.getAuthority(ResteasyReactiveRequestContext.java:481)
	at org.jboss.resteasy.reactive.server.jaxrs.UriInfoImpl.getBaseUri(UriInfoImpl.java:131)
	at org.keycloak.urls.HostnameProvider.getScheme(HostnameProvider.java:51)
	at org.keycloak.quarkus.runtime.hostname.DefaultHostnameProvider.fromFrontEndUrl(DefaultHostnameProvider.java:181)
	at org.keycloak.quarkus.runtime.hostname.DefaultHostnameProvider.getScheme(DefaultHostnameProvider.java:90)
	at org.keycloak.models.KeycloakUriInfo.<init>(KeycloakUriInfo.java:51)
	at org.keycloak.services.DefaultKeycloakContext.getUri(DefaultKeycloakContext.java:78)
	at org.keycloak.services.DefaultKeycloakContext.getUri(DefaultKeycloakContext.java:85)
	at org.keycloak.services.resources.WelcomeResource.getWelcomePage(WelcomeResource.java:88)
	at org.keycloak.services.resources.WelcomeResource$quarkusrestinvoker$getWelcomePage_3d46f4348f9016709ff9c5ca428ac29847ab83d6.invoke(Unknown Source)
	at org.jboss.resteasy.reactive.server.handlers.InvocationHandler.handle(InvocationHandler.java:29)
	at io.quarkus.resteasy.reactive.server.runtime.QuarkusResteasyReactiveRequestContext.invokeHandler(QuarkusResteasyReactiveRequestContext.java:141)
	at org.jboss.resteasy.reactive.common.core.AbstractResteasyReactiveContext.run(AbstractResteasyReactiveContext.java:147)
	at io.quarkus.vertx.core.runtime.VertxCoreRecorder$14.runWith(VertxCoreRecorder.java:582)
	at org.jboss.threads.EnhancedQueueExecutor$Task.run(EnhancedQueueExecutor.java:2513)
	at org.jboss.threads.EnhancedQueueExecutor$ThreadBody.run(EnhancedQueueExecutor.java:1538)
	at org.jboss.threads.DelegatingRunnable.run(DelegatingRunnable.java:29)
	at org.jboss.threads.ThreadLocalResettingRunnable.run(ThreadLocalResettingRunnable.java:29)
	at io.netty.util.concurrent.FastThreadLocalRunnable.run(FastThreadLocalRunnable.java:30)
	at java.base/java.lang.Thread.run(Thread.java:840)

2025-08-07 11:48:22,863 ERROR [io.vertx.ext.web.RoutingContext] (vert.x-eventloop-thread-7) Unhandled exception in router
2025-08-07 14:25:01,621 ERROR [io.vertx.ext.web.RoutingContext] (vert.x-eventloop-thread-5) Unhandled exception in router
2025-08-07 15:25:50,881 ERROR [org.keycloak.services.error.KeycloakErrorHandler] (executor-thread-1) Uncaught server error: java.lang.NullPointerException: Cannot invoke "Object.toString()" because the return value of "io.vertx.core.http.HttpServerRequest.authority()" is null
	at org.jboss.resteasy.reactive.server.vertx.VertxResteasyReactiveRequestContext.getRequestHost(VertxResteasyReactiveRequestContext.java:194)
	at org.jboss.resteasy.reactive.server.core.ResteasyReactiveRequestContext.getAuthority(ResteasyReactiveRequestContext.java:481)
	at org.jboss.resteasy.reactive.server.jaxrs.UriInfoImpl.getBaseUri(UriInfoImpl.java:131)
	at org.keycloak.urls.HostnameProvider.getScheme(HostnameProvider.java:51)
	at org.keycloak.quarkus.runtime.hostname.DefaultHostnameProvider.fromFrontEndUrl(DefaultHostnameProvider.java:181)
	at org.keycloak.quarkus.runtime.hostname.DefaultHostnameProvider.getScheme(DefaultHostnameProvider.java:90)
	at org.keycloak.models.KeycloakUriInfo.<init>(KeycloakUriInfo.java:51)
	at org.keycloak.services.DefaultKeycloakContext.getUri(DefaultKeycloakContext.java:78)
	at org.keycloak.services.DefaultKeycloakContext.getUri(DefaultKeycloakContext.java:85)
	at org.keycloak.services.resources.WelcomeResource.getWelcomePage(WelcomeResource.java:88)
	at org.keycloak.services.resources.WelcomeResource$quarkusrestinvoker$getWelcomePage_3d46f4348f9016709ff9c5ca428ac29847ab83d6.invoke(Unknown Source)
	at org.jboss.resteasy.reactive.server.handlers.InvocationHandler.handle(InvocationHandler.java:29)
	at io.quarkus.resteasy.reactive.server.runtime.QuarkusResteasyReactiveRequestContext.invokeHandler(QuarkusResteasyReactiveRequestContext.java:141)
	at org.jboss.resteasy.reactive.common.core.AbstractResteasyReactiveContext.run(AbstractResteasyReactiveContext.java:147)
	at io.quarkus.vertx.core.runtime.VertxCoreRecorder$14.runWith(VertxCoreRecorder.java:582)
	at org.jboss.threads.EnhancedQueueExecutor$Task.run(EnhancedQueueExecutor.java:2513)
	at org.jboss.threads.EnhancedQueueExecutor$ThreadBody.run(EnhancedQueueExecutor.java:1538)
	at org.jboss.threads.DelegatingRunnable.run(DelegatingRunnable.java:29)
	at org.jboss.threads.ThreadLocalResettingRunnable.run(ThreadLocalResettingRunnable.java:29)
	at io.netty.util.concurrent.FastThreadLocalRunnable.run(FastThreadLocalRunnable.java:30)
	at java.base/java.lang.Thread.run(Thread.java:840)

2025-08-07 19:10:32,760 WARN  [io.agroal.pool] (agroal-11) Datasource '<default>': Closing connection in incorrect state VALIDATION
2025-08-07 19:20:34,642 WARN  [io.agroal.pool] (agroal-11) Datasource '<default>': The connection attempt failed.
2025-08-07 19:20:34,643 WARN  [org.hibernate.engine.jdbc.spi.SqlExceptionHelper] (Timer-0) SQL Error: 0, SQLState: 08001
2025-08-07 19:20:34,644 ERROR [org.hibernate.engine.jdbc.spi.SqlExceptionHelper] (Timer-0) The connection attempt failed.
2025-08-07 19:20:34,654 ERROR [org.keycloak.services.scheduled.ScheduledTaskRunner] (Timer-0) Failed to run scheduled task ClearExpiredEvents: org.hibernate.exception.JDBCConnectionException: Unable to acquire JDBC Connection [The connection attempt failed.] [n/a]
	at org.hibernate.exception.internal.SQLStateConversionDelegate.convert(SQLStateConversionDelegate.java:100)
	at org.hibernate.exception.internal.StandardSQLExceptionConverter.convert(StandardSQLExceptionConverter.java:58)
	at org.hibernate.engine.jdbc.spi.SqlExceptionHelper.convert(SqlExceptionHelper.java:108)
	at org.hibernate.engine.jdbc.spi.SqlExceptionHelper.convert(SqlExceptionHelper.java:94)
	at org.hibernate.resource.jdbc.internal.LogicalConnectionManagedImpl.acquireConnectionIfNeeded(LogicalConnectionManagedImpl.java:116)
	at org.hibernate.resource.jdbc.internal.LogicalConnectionManagedImpl.getPhysicalConnection(LogicalConnectionManagedImpl.java:143)
	at org.hibernate.engine.jdbc.internal.StatementPreparerImpl.connection(StatementPreparerImpl.java:54)
	at org.hibernate.engine.jdbc.internal.StatementPreparerImpl$5.doPrepare(StatementPreparerImpl.java:153)
	at org.hibernate.engine.jdbc.internal.StatementPreparerImpl$StatementPreparationTemplate.prepareStatement(StatementPreparerImpl.java:183)
	at org.hibernate.engine.jdbc.internal.StatementPreparerImpl.prepareQueryStatement(StatementPreparerImpl.java:155)
	at org.hibernate.sql.exec.spi.JdbcSelectExecutor.lambda$list$0(JdbcSelectExecutor.java:85)
	at org.hibernate.sql.results.jdbc.internal.DeferredResultSetAccess.executeQuery(DeferredResultSetAccess.java:231)
	at org.hibernate.sql.results.jdbc.internal.DeferredResultSetAccess.getResultSet(DeferredResultSetAccess.java:167)
	at org.hibernate.sql.results.jdbc.internal.JdbcValuesResultSetImpl.advanceNext(JdbcValuesResultSetImpl.java:218)
	at org.hibernate.sql.results.jdbc.internal.JdbcValuesResultSetImpl.processNext(JdbcValuesResultSetImpl.java:98)
	at org.hibernate.sql.results.jdbc.internal.AbstractJdbcValues.next(AbstractJdbcValues.java:19)
	at org.hibernate.sql.results.internal.RowProcessingStateStandardImpl.next(RowProcessingStateStandardImpl.java:66)
	at org.hibernate.sql.results.spi.ListResultsConsumer.consume(ListResultsConsumer.java:202)
	at org.hibernate.sql.results.spi.ListResultsConsumer.consume(ListResultsConsumer.java:33)
	at org.hibernate.sql.exec.internal.JdbcSelectExecutorStandardImpl.doExecuteQuery(JdbcSelectExecutorStandardImpl.java:209)
	at org.hibernate.sql.exec.internal.JdbcSelectExecutorStandardImpl.executeQuery(JdbcSelectExecutorStandardImpl.java:83)
	at org.hibernate.sql.exec.spi.JdbcSelectExecutor.list(JdbcSelectExecutor.java:76)
	at org.hibernate.sql.exec.spi.JdbcSelectExecutor.list(JdbcSelectExecutor.java:65)
	at org.hibernate.query.sqm.internal.ConcreteSqmSelectQueryPlan.lambda$new$2(ConcreteSqmSelectQueryPlan.java:137)
	at org.hibernate.query.sqm.internal.ConcreteSqmSelectQueryPlan.withCacheableSqmInterpretation(ConcreteSqmSelectQueryPlan.java:362)
	at org.hibernate.query.sqm.internal.ConcreteSqmSelectQueryPlan.performList(ConcreteSqmSelectQueryPlan.java:303)
	at org.hibernate.query.sqm.internal.QuerySqmImpl.doList(QuerySqmImpl.java:509)
	at org.hibernate.query.spi.AbstractSelectionQuery.list(AbstractSelectionQuery.java:427)
	at org.hibernate.query.Query.getResultList(Query.java:120)
	at org.keycloak.events.jpa.JpaEventStoreProvider.clearExpiredEvents(JpaEventStoreProvider.java:94)
	at org.keycloak.services.scheduled.ClearExpiredEvents.run(ClearExpiredEvents.java:39)
	at org.keycloak.services.scheduled.ClusterAwareScheduledTaskRunner$1.call(ClusterAwareScheduledTaskRunner.java:56)
	at org.keycloak.services.scheduled.ClusterAwareScheduledTaskRunner$1.call(ClusterAwareScheduledTaskRunner.java:52)
	at org.keycloak.cluster.infinispan.InfinispanClusterProvider.executeIfNotExecuted(InfinispanClusterProvider.java:78)
	at org.keycloak.services.scheduled.ClusterAwareScheduledTaskRunner.runTask(ClusterAwareScheduledTaskRunner.java:52)
	at org.keycloak.services.scheduled.ScheduledTaskRunner.lambda$run$0(ScheduledTaskRunner.java:59)
	at org.keycloak.models.utils.KeycloakModelUtils.lambda$runJobInTransaction$1(KeycloakModelUtils.java:257)
	at org.keycloak.models.utils.KeycloakModelUtils.runJobInTransactionWithResult(KeycloakModelUtils.java:379)
	at org.keycloak.models.utils.KeycloakModelUtils.runJobInTransaction(KeycloakModelUtils.java:256)
	at org.keycloak.services.scheduled.ScheduledTaskRunner.run(ScheduledTaskRunner.java:53)
	at org.keycloak.timer.basic.BasicTimerProvider$1.run(BasicTimerProvider.java:53)
	at java.base/java.util.TimerThread.mainLoop(Timer.java:566)
	at java.base/java.util.TimerThread.run(Timer.java:516)
Caused by: org.postgresql.util.PSQLException: The connection attempt failed.
	at org.postgresql.core.v3.ConnectionFactoryImpl.openConnectionImpl(ConnectionFactoryImpl.java:358)
	at org.postgresql.core.ConnectionFactory.openConnection(ConnectionFactory.java:54)
	at org.postgresql.jdbc.PgConnection.<init>(PgConnection.java:273)
	at org.postgresql.Driver.makeConnection(Driver.java:446)
	at org.postgresql.Driver.connect(Driver.java:298)
	at java.sql/java.sql.DriverManager.getConnection(DriverManager.java:681)
	at java.sql/java.sql.DriverManager.getConnection(DriverManager.java:229)
	at org.postgresql.ds.common.BaseDataSource.getConnection(BaseDataSource.java:104)
	at org.postgresql.xa.PGXADataSource.getXAConnection(PGXADataSource.java:52)
	at org.postgresql.xa.PGXADataSource.getXAConnection(PGXADataSource.java:37)
	at io.agroal.pool.ConnectionFactory.createConnection(ConnectionFactory.java:231)
	at io.agroal.pool.ConnectionPool$CreateConnectionTask.call(ConnectionPool.java:545)
	at io.agroal.pool.ConnectionPool$CreateConnectionTask.call(ConnectionPool.java:526)
	at java.base/java.util.concurrent.FutureTask.run(FutureTask.java:264)
	at io.agroal.pool.util.PriorityScheduledExecutor.beforeExecute(PriorityScheduledExecutor.java:75)
	at java.base/java.util.concurrent.ThreadPoolExecutor.runWorker(ThreadPoolExecutor.java:1134)
	at java.base/java.util.concurrent.ThreadPoolExecutor$Worker.run(ThreadPoolExecutor.java:635)
	at java.base/java.lang.Thread.run(Thread.java:840)
Caused by: java.net.UnknownHostException: purebliss-postgres
	at java.base/sun.nio.ch.NioSocketImpl.connect(NioSocketImpl.java:572)
	at java.base/java.net.SocksSocketImpl.connect(SocksSocketImpl.java:327)
	at java.base/java.net.Socket.connect(Socket.java:633)
	at org.postgresql.core.PGStream.createSocket(PGStream.java:243)
	at org.postgresql.core.PGStream.<init>(PGStream.java:98)
	at org.postgresql.core.v3.ConnectionFactoryImpl.tryConnect(ConnectionFactoryImpl.java:136)
	at org.postgresql.core.v3.ConnectionFactoryImpl.openConnectionImpl(ConnectionFactoryImpl.java:262)
	... 17 more

2025-08-07 19:20:34,680 WARN  [io.agroal.pool] (agroal-11) Datasource '<default>': The connection attempt failed.
2025-08-07 19:20:34,681 WARN  [org.hibernate.engine.jdbc.spi.SqlExceptionHelper] (Timer-0) SQL Error: 0, SQLState: 08001
2025-08-07 19:20:34,681 ERROR [org.hibernate.engine.jdbc.spi.SqlExceptionHelper] (Timer-0) The connection attempt failed.
2025-08-07 19:20:34,682 ERROR [org.keycloak.services.scheduled.ScheduledTaskRunner] (Timer-0) Failed to run scheduled task ClearExpiredUserSessions: org.hibernate.exception.JDBCConnectionException: Unable to acquire JDBC Connection [The connection attempt failed.] [n/a]
	at org.hibernate.exception.internal.SQLStateConversionDelegate.convert(SQLStateConversionDelegate.java:100)
	at org.hibernate.exception.internal.StandardSQLExceptionConverter.convert(StandardSQLExceptionConverter.java:58)
	at org.hibernate.engine.jdbc.spi.SqlExceptionHelper.convert(SqlExceptionHelper.java:108)
	at org.hibernate.engine.jdbc.spi.SqlExceptionHelper.convert(SqlExceptionHelper.java:94)
	at org.hibernate.resource.jdbc.internal.LogicalConnectionManagedImpl.acquireConnectionIfNeeded(LogicalConnectionManagedImpl.java:116)
	at org.hibernate.resource.jdbc.internal.LogicalConnectionManagedImpl.getPhysicalConnection(LogicalConnectionManagedImpl.java:143)
	at org.hibernate.engine.jdbc.internal.StatementPreparerImpl.connection(StatementPreparerImpl.java:54)
	at org.hibernate.engine.jdbc.internal.StatementPreparerImpl$5.doPrepare(StatementPreparerImpl.java:153)
	at org.hibernate.engine.jdbc.internal.StatementPreparerImpl$StatementPreparationTemplate.prepareStatement(StatementPreparerImpl.java:183)
	at org.hibernate.engine.jdbc.internal.StatementPreparerImpl.prepareQueryStatement(StatementPreparerImpl.java:155)
	at org.hibernate.sql.exec.spi.JdbcSelectExecutor.lambda$scroll$1(JdbcSelectExecutor.java:102)
	at org.hibernate.sql.results.jdbc.internal.DeferredResultSetAccess.executeQuery(DeferredResultSetAccess.java:231)
	at org.hibernate.sql.results.jdbc.internal.DeferredResultSetAccess.getResultSet(DeferredResultSetAccess.java:167)
	at org.hibernate.sql.results.jdbc.internal.JdbcValuesResultSetImpl.advanceNext(JdbcValuesResultSetImpl.java:218)
	at org.hibernate.sql.results.jdbc.internal.JdbcValuesResultSetImpl.processNext(JdbcValuesResultSetImpl.java:98)
	at org.hibernate.sql.results.jdbc.internal.AbstractJdbcValues.next(AbstractJdbcValues.java:19)
	at org.hibernate.sql.results.internal.RowProcessingStateStandardImpl.next(RowProcessingStateStandardImpl.java:66)
	at org.hibernate.internal.ScrollableResultsImpl.next(ScrollableResultsImpl.java:51)
	at org.hibernate.query.internal.ScrollableResultsIterator.hasNext(ScrollableResultsIterator.java:33)
	at java.base/java.util.Iterator.forEachRemaining(Iterator.java:132)
	at java.base/java.util.Spliterators$IteratorSpliterator.forEachRemaining(Spliterators.java:1845)
	at java.base/java.util.stream.AbstractPipeline.copyInto(AbstractPipeline.java:509)
	at java.base/java.util.stream.AbstractPipeline.wrapAndCopyInto(AbstractPipeline.java:499)
	at java.base/java.util.stream.ForEachOps$ForEachOp.evaluateSequential(ForEachOps.java:150)
	at java.base/java.util.stream.ForEachOps$ForEachOp$OfRef.evaluateSequential(ForEachOps.java:173)
	at java.base/java.util.stream.AbstractPipeline.evaluate(AbstractPipeline.java:234)
	at java.base/java.util.stream.ReferencePipeline.forEach(ReferencePipeline.java:596)
	at org.keycloak.utils.ClosingStream.forEach(ClosingStream.java:128)
	at org.keycloak.models.sessions.infinispan.InfinispanUserSessionProvider.removeAllExpired(InfinispanUserSessionProvider.java:630)
	at org.keycloak.services.scheduled.ClearExpiredUserSessions.run(ClearExpiredUserSessions.java:39)
	at org.keycloak.services.scheduled.ClusterAwareScheduledTaskRunner$1.call(ClusterAwareScheduledTaskRunner.java:56)
	at org.keycloak.services.scheduled.ClusterAwareScheduledTaskRunner$1.call(ClusterAwareScheduledTaskRunner.java:52)
	at org.keycloak.cluster.infinispan.InfinispanClusterProvider.executeIfNotExecuted(InfinispanClusterProvider.java:78)
	at org.keycloak.services.scheduled.ClusterAwareScheduledTaskRunner.runTask(ClusterAwareScheduledTaskRunner.java:52)
	at org.keycloak.services.scheduled.ScheduledTaskRunner.lambda$run$0(ScheduledTaskRunner.java:59)
	at org.keycloak.models.utils.KeycloakModelUtils.lambda$runJobInTransaction$1(KeycloakModelUtils.java:257)
	at org.keycloak.models.utils.KeycloakModelUtils.runJobInTransactionWithResult(KeycloakModelUtils.java:379)
	at org.keycloak.models.utils.KeycloakModelUtils.runJobInTransaction(KeycloakModelUtils.java:256)
	at org.keycloak.services.scheduled.ScheduledTaskRunner.run(ScheduledTaskRunner.java:53)
	at org.keycloak.timer.basic.BasicTimerProvider$1.run(BasicTimerProvider.java:53)
	at java.base/java.util.TimerThread.mainLoop(Timer.java:566)
	at java.base/java.util.TimerThread.run(Timer.java:516)
Caused by: org.postgresql.util.PSQLException: The connection attempt failed.
	at org.postgresql.core.v3.ConnectionFactoryImpl.openConnectionImpl(ConnectionFactoryImpl.java:358)
	at org.postgresql.core.ConnectionFactory.openConnection(ConnectionFactory.java:54)
	at org.postgresql.jdbc.PgConnection.<init>(PgConnection.java:273)
	at org.postgresql.Driver.makeConnection(Driver.java:446)
	at org.postgresql.Driver.connect(Driver.java:298)
	at java.sql/java.sql.DriverManager.getConnection(DriverManager.java:681)
	at java.sql/java.sql.DriverManager.getConnection(DriverManager.java:229)
	at org.postgresql.ds.common.BaseDataSource.getConnection(BaseDataSource.java:104)
	at org.postgresql.xa.PGXADataSource.getXAConnection(PGXADataSource.java:52)
	at org.postgresql.xa.PGXADataSource.getXAConnection(PGXADataSource.java:37)
	at io.agroal.pool.ConnectionFactory.createConnection(ConnectionFactory.java:231)
	at io.agroal.pool.ConnectionPool$CreateConnectionTask.call(ConnectionPool.java:545)
	at io.agroal.pool.ConnectionPool$CreateConnectionTask.call(ConnectionPool.java:526)
	at java.base/java.util.concurrent.FutureTask.run(FutureTask.java:264)
	at io.agroal.pool.util.PriorityScheduledExecutor.beforeExecute(PriorityScheduledExecutor.java:75)
	at java.base/java.util.concurrent.ThreadPoolExecutor.runWorker(ThreadPoolExecutor.java:1134)
	at java.base/java.util.concurrent.ThreadPoolExecutor$Worker.run(ThreadPoolExecutor.java:635)
	at java.base/java.lang.Thread.run(Thread.java:840)
Caused by: java.net.UnknownHostException: purebliss-postgres
	at java.base/sun.nio.ch.NioSocketImpl.connect(NioSocketImpl.java:572)
	at java.base/java.net.SocksSocketImpl.connect(SocksSocketImpl.java:327)
	at java.base/java.net.Socket.connect(Socket.java:633)
	at org.postgresql.core.PGStream.createSocket(PGStream.java:243)
	at org.postgresql.core.PGStream.<init>(PGStream.java:98)
	at org.postgresql.core.v3.ConnectionFactoryImpl.tryConnect(ConnectionFactoryImpl.java:136)
	at org.postgresql.core.v3.ConnectionFactoryImpl.openConnectionImpl(ConnectionFactoryImpl.java:262)
	... 17 more

2025-08-07 19:20:34,721 WARN  [io.agroal.pool] (agroal-11) Datasource '<default>': The connection attempt failed.
2025-08-07 19:20:34,722 WARN  [org.hibernate.engine.jdbc.spi.SqlExceptionHelper] (Timer-0) SQL Error: 0, SQLState: 08001
2025-08-07 19:20:34,722 ERROR [org.hibernate.engine.jdbc.spi.SqlExceptionHelper] (Timer-0) The connection attempt failed.
2025-08-07 19:20:34,723 ERROR [org.keycloak.services.scheduled.ScheduledTaskRunner] (Timer-0) Failed to run scheduled task ClearExpiredAdminEvents: org.hibernate.exception.JDBCConnectionException: Unable to acquire JDBC Connection [The connection attempt failed.] [n/a]
	at org.hibernate.exception.internal.SQLStateConversionDelegate.convert(SQLStateConversionDelegate.java:100)
	at org.hibernate.exception.internal.StandardSQLExceptionConverter.convert(StandardSQLExceptionConverter.java:58)
	at org.hibernate.engine.jdbc.spi.SqlExceptionHelper.convert(SqlExceptionHelper.java:108)
	at org.hibernate.engine.jdbc.spi.SqlExceptionHelper.convert(SqlExceptionHelper.java:94)
	at org.hibernate.resource.jdbc.internal.LogicalConnectionManagedImpl.acquireConnectionIfNeeded(LogicalConnectionManagedImpl.java:116)
	at org.hibernate.resource.jdbc.internal.LogicalConnectionManagedImpl.getPhysicalConnection(LogicalConnectionManagedImpl.java:143)
	at org.hibernate.engine.jdbc.internal.StatementPreparerImpl.connection(StatementPreparerImpl.java:54)
	at org.hibernate.engine.jdbc.internal.StatementPreparerImpl$5.doPrepare(StatementPreparerImpl.java:153)
	at org.hibernate.engine.jdbc.internal.StatementPreparerImpl$StatementPreparationTemplate.prepareStatement(StatementPreparerImpl.java:183)
	at org.hibernate.engine.jdbc.internal.StatementPreparerImpl.prepareQueryStatement(StatementPreparerImpl.java:155)
	at org.hibernate.sql.exec.spi.JdbcSelectExecutor.lambda$scroll$1(JdbcSelectExecutor.java:102)
	at org.hibernate.sql.results.jdbc.internal.DeferredResultSetAccess.executeQuery(DeferredResultSetAccess.java:231)
	at org.hibernate.sql.results.jdbc.internal.DeferredResultSetAccess.getResultSet(DeferredResultSetAccess.java:167)
	at org.hibernate.sql.results.jdbc.internal.JdbcValuesResultSetImpl.advanceNext(JdbcValuesResultSetImpl.java:218)
	at org.hibernate.sql.results.jdbc.internal.JdbcValuesResultSetImpl.processNext(JdbcValuesResultSetImpl.java:98)
	at org.hibernate.sql.results.jdbc.internal.AbstractJdbcValues.next(AbstractJdbcValues.java:19)
	at org.hibernate.sql.results.internal.RowProcessingStateStandardImpl.next(RowProcessingStateStandardImpl.java:66)
	at org.hibernate.internal.ScrollableResultsImpl.next(ScrollableResultsImpl.java:51)
	at org.hibernate.query.internal.ScrollableResultsIterator.hasNext(ScrollableResultsIterator.java:33)
	at java.base/java.util.Iterator.forEachRemaining(Iterator.java:132)
	at java.base/java.util.Spliterators$IteratorSpliterator.forEachRemaining(Spliterators.java:1845)
	at java.base/java.util.stream.AbstractPipeline.copyInto(AbstractPipeline.java:509)
	at java.base/java.util.stream.AbstractPipeline.wrapAndCopyInto(AbstractPipeline.java:499)
	at java.base/java.util.stream.ReduceOps$ReduceOp.evaluateSequential(ReduceOps.java:921)
	at java.base/java.util.stream.AbstractPipeline.evaluate(AbstractPipeline.java:234)
	at java.base/java.util.stream.ReferencePipeline.collect(ReferencePipeline.java:682)
	at org.keycloak.events.jpa.JpaEventStoreProvider.clearExpiredAdminEvents(JpaEventStoreProvider.java:265)
	at org.keycloak.events.jpa.JpaEventStoreProviderFactory.invalidate(JpaEventStoreProviderFactory.java:63)
	at org.keycloak.services.DefaultKeycloakSessionFactory.lambda$invalidate$0(DefaultKeycloakSessionFactory.java:367)
	at java.base/java.util.stream.ForEachOps$ForEachOp$OfRef.accept(ForEachOps.java:183)
	at java.base/java.util.stream.ReferencePipeline$3$1.accept(ReferencePipeline.java:197)
	at java.base/java.util.stream.ReferencePipeline$2$1.accept(ReferencePipeline.java:179)
	at java.base/java.util.HashMap$ValueSpliterator.forEachRemaining(HashMap.java:1779)
	at java.base/java.util.stream.ReferencePipeline$Head.forEach(ReferencePipeline.java:762)
	at java.base/java.util.stream.ReferencePipeline$7$1.accept(ReferencePipeline.java:276)
	at java.base/java.util.stream.ReferencePipeline$3$1.accept(ReferencePipeline.java:197)
	at java.base/java.util.HashMap$ValueSpliterator.forEachRemaining(HashMap.java:1779)
	at java.base/java.util.stream.AbstractPipeline.copyInto(AbstractPipeline.java:509)
	at java.base/java.util.stream.AbstractPipeline.wrapAndCopyInto(AbstractPipeline.java:499)
	at java.base/java.util.stream.ForEachOps$ForEachOp.evaluateSequential(ForEachOps.java:150)
	at java.base/java.util.stream.ForEachOps$ForEachOp$OfRef.evaluateSequential(ForEachOps.java:173)
	at java.base/java.util.stream.AbstractPipeline.evaluate(AbstractPipeline.java:234)
	at java.base/java.util.stream.ReferencePipeline.forEach(ReferencePipeline.java:596)
	at org.keycloak.services.DefaultKeycloakSessionFactory.invalidate(DefaultKeycloakSessionFactory.java:367)
	at org.keycloak.services.DefaultKeycloakSession.invalidate(DefaultKeycloakSession.java:108)
	at org.keycloak.services.scheduled.ClearExpiredAdminEvents.run(ClearExpiredAdminEvents.java:33)
	at org.keycloak.services.scheduled.ClusterAwareScheduledTaskRunner$1.call(ClusterAwareScheduledTaskRunner.java:56)
	at org.keycloak.services.scheduled.ClusterAwareScheduledTaskRunner$1.call(ClusterAwareScheduledTaskRunner.java:52)
	at org.keycloak.cluster.infinispan.InfinispanClusterProvider.executeIfNotExecuted(InfinispanClusterProvider.java:78)
	at org.keycloak.services.scheduled.ClusterAwareScheduledTaskRunner.runTask(ClusterAwareScheduledTaskRunner.java:52)
	at org.keycloak.services.scheduled.ScheduledTaskRunner.lambda$run$0(ScheduledTaskRunner.java:59)
	at org.keycloak.models.utils.KeycloakModelUtils.lambda$runJobInTransaction$1(KeycloakModelUtils.java:257)
	at org.keycloak.models.utils.KeycloakModelUtils.runJobInTransactionWithResult(KeycloakModelUtils.java:379)
	at org.keycloak.models.utils.KeycloakModelUtils.runJobInTransaction(KeycloakModelUtils.java:256)
	at org.keycloak.services.scheduled.ScheduledTaskRunner.run(ScheduledTaskRunner.java:53)
	at org.keycloak.timer.basic.BasicTimerProvider$1.run(BasicTimerProvider.java:53)
	at java.base/java.util.TimerThread.mainLoop(Timer.java:566)
	at java.base/java.util.TimerThread.run(Timer.java:516)
Caused by: org.postgresql.util.PSQLException: The connection attempt failed.
	at org.postgresql.core.v3.ConnectionFactoryImpl.openConnectionImpl(ConnectionFactoryImpl.java:358)
	at org.postgresql.core.ConnectionFactory.openConnection(ConnectionFactory.java:54)
	at org.postgresql.jdbc.PgConnection.<init>(PgConnection.java:273)
	at org.postgresql.Driver.makeConnection(Driver.java:446)
	at org.postgresql.Driver.connect(Driver.java:298)
	at java.sql/java.sql.DriverManager.getConnection(DriverManager.java:681)
	at java.sql/java.sql.DriverManager.getConnection(DriverManager.java:229)
	at org.postgresql.ds.common.BaseDataSource.getConnection(BaseDataSource.java:104)
	at org.postgresql.xa.PGXADataSource.getXAConnection(PGXADataSource.java:52)
	at org.postgresql.xa.PGXADataSource.getXAConnection(PGXADataSource.java:37)
	at io.agroal.pool.ConnectionFactory.createConnection(ConnectionFactory.java:231)
	at io.agroal.pool.ConnectionPool$CreateConnectionTask.call(ConnectionPool.java:545)
	at io.agroal.pool.ConnectionPool$CreateConnectionTask.call(ConnectionPool.java:526)
	at java.base/java.util.concurrent.FutureTask.run(FutureTask.java:264)
	at io.agroal.pool.util.PriorityScheduledExecutor.beforeExecute(PriorityScheduledExecutor.java:75)
	at java.base/java.util.concurrent.ThreadPoolExecutor.runWorker(ThreadPoolExecutor.java:1134)
	at java.base/java.util.concurrent.ThreadPoolExecutor$Worker.run(ThreadPoolExecutor.java:635)
	at java.base/java.lang.Thread.run(Thread.java:840)
Caused by: java.net.UnknownHostException: purebliss-postgres
	at java.base/sun.nio.ch.NioSocketImpl.connect(NioSocketImpl.java:572)
	at java.base/java.net.SocksSocketImpl.connect(SocksSocketImpl.java:327)
	at java.base/java.net.Socket.connect(Socket.java:633)
	at org.postgresql.core.PGStream.createSocket(PGStream.java:243)
	at org.postgresql.core.PGStream.<init>(PGStream.java:98)
	at org.postgresql.core.v3.ConnectionFactoryImpl.tryConnect(ConnectionFactoryImpl.java:136)
	at org.postgresql.core.v3.ConnectionFactoryImpl.openConnectionImpl(ConnectionFactoryImpl.java:262)
	... 17 more

2025-08-07 19:20:34,768 WARN  [io.agroal.pool] (agroal-11) Datasource '<default>': The connection attempt failed.
2025-08-07 19:20:34,768 WARN  [org.hibernate.engine.jdbc.spi.SqlExceptionHelper] (Timer-0) SQL Error: 0, SQLState: 08001
2025-08-07 19:20:34,768 ERROR [org.hibernate.engine.jdbc.spi.SqlExceptionHelper] (Timer-0) The connection attempt failed.
2025-08-07 19:20:34,769 ERROR [org.keycloak.services.scheduled.ScheduledTaskRunner] (Timer-0) Failed to run scheduled task ClearExpiredClientInitialAccessTokens: org.hibernate.exception.JDBCConnectionException: Unable to acquire JDBC Connection [The connection attempt failed.] [n/a]
	at org.hibernate.exception.internal.SQLStateConversionDelegate.convert(SQLStateConversionDelegate.java:100)
	at org.hibernate.exception.internal.StandardSQLExceptionConverter.convert(StandardSQLExceptionConverter.java:58)
	at org.hibernate.engine.jdbc.spi.SqlExceptionHelper.convert(SqlExceptionHelper.java:108)
	at org.hibernate.engine.jdbc.spi.SqlExceptionHelper.convert(SqlExceptionHelper.java:94)
	at org.hibernate.resource.jdbc.internal.LogicalConnectionManagedImpl.acquireConnectionIfNeeded(LogicalConnectionManagedImpl.java:116)
	at org.hibernate.resource.jdbc.internal.LogicalConnectionManagedImpl.getPhysicalConnection(LogicalConnectionManagedImpl.java:143)
	at org.hibernate.engine.jdbc.internal.StatementPreparerImpl.connection(StatementPreparerImpl.java:54)
	at org.hibernate.engine.jdbc.internal.StatementPreparerImpl$1.doPrepare(StatementPreparerImpl.java:94)
	at org.hibernate.engine.jdbc.internal.StatementPreparerImpl$StatementPreparationTemplate.prepareStatement(StatementPreparerImpl.java:183)
	at org.hibernate.engine.jdbc.internal.StatementPreparerImpl.prepareStatement(StatementPreparerImpl.java:79)
	at org.hibernate.query.sqm.internal.SimpleDeleteQueryPlan.lambda$executeUpdate$2(SimpleDeleteQueryPlan.java:197)
	at org.hibernate.sql.exec.internal.StandardJdbcMutationExecutor.execute(StandardJdbcMutationExecutor.java:64)
	at org.hibernate.query.sqm.internal.SimpleDeleteQueryPlan.executeUpdate(SimpleDeleteQueryPlan.java:191)
	at org.hibernate.query.sqm.internal.QuerySqmImpl.doExecuteUpdate(QuerySqmImpl.java:705)
	at org.hibernate.query.sqm.internal.QuerySqmImpl.executeUpdate(QuerySqmImpl.java:675)
	at org.keycloak.models.jpa.JpaRealmProvider.removeExpiredClientInitialAccess(JpaRealmProvider.java:1167)
	at org.keycloak.models.cache.infinispan.RealmCacheSession.removeExpiredClientInitialAccess(RealmCacheSession.java:1483)
	at org.keycloak.services.scheduled.ClearExpiredClientInitialAccessTokens.run(ClearExpiredClientInitialAccessTokens.java:30)
	at org.keycloak.services.scheduled.ClusterAwareScheduledTaskRunner$1.call(ClusterAwareScheduledTaskRunner.java:56)
	at org.keycloak.services.scheduled.ClusterAwareScheduledTaskRunner$1.call(ClusterAwareScheduledTaskRunner.java:52)
	at org.keycloak.cluster.infinispan.InfinispanClusterProvider.executeIfNotExecuted(InfinispanClusterProvider.java:78)
	at org.keycloak.services.scheduled.ClusterAwareScheduledTaskRunner.runTask(ClusterAwareScheduledTaskRunner.java:52)
	at org.keycloak.services.scheduled.ScheduledTaskRunner.lambda$run$0(ScheduledTaskRunner.java:59)
	at org.keycloak.models.utils.KeycloakModelUtils.lambda$runJobInTransaction$1(KeycloakModelUtils.java:257)
	at org.keycloak.models.utils.KeycloakModelUtils.runJobInTransactionWithResult(KeycloakModelUtils.java:379)
	at org.keycloak.models.utils.KeycloakModelUtils.runJobInTransaction(KeycloakModelUtils.java:256)
	at org.keycloak.services.scheduled.ScheduledTaskRunner.run(ScheduledTaskRunner.java:53)
	at org.keycloak.timer.basic.BasicTimerProvider$1.run(BasicTimerProvider.java:53)
	at java.base/java.util.TimerThread.mainLoop(Timer.java:566)
	at java.base/java.util.TimerThread.run(Timer.java:516)
Caused by: org.postgresql.util.PSQLException: The connection attempt failed.
	at org.postgresql.core.v3.ConnectionFactoryImpl.openConnectionImpl(ConnectionFactoryImpl.java:358)
	at org.postgresql.core.ConnectionFactory.openConnection(ConnectionFactory.java:54)
	at org.postgresql.jdbc.PgConnection.<init>(PgConnection.java:273)
	at org.postgresql.Driver.makeConnection(Driver.java:446)
	at org.postgresql.Driver.connect(Driver.java:298)
	at java.sql/java.sql.DriverManager.getConnection(DriverManager.java:681)
	at java.sql/java.sql.DriverManager.getConnection(DriverManager.java:229)
	at org.postgresql.ds.common.BaseDataSource.getConnection(BaseDataSource.java:104)
	at org.postgresql.xa.PGXADataSource.getXAConnection(PGXADataSource.java:52)
	at org.postgresql.xa.PGXADataSource.getXAConnection(PGXADataSource.java:37)
	at io.agroal.pool.ConnectionFactory.createConnection(ConnectionFactory.java:231)
	at io.agroal.pool.ConnectionPool$CreateConnectionTask.call(ConnectionPool.java:545)
	at io.agroal.pool.ConnectionPool$CreateConnectionTask.call(ConnectionPool.java:526)
	at java.base/java.util.concurrent.FutureTask.run(FutureTask.java:264)
	at io.agroal.pool.util.PriorityScheduledExecutor.beforeExecute(PriorityScheduledExecutor.java:75)
	at java.base/java.util.concurrent.ThreadPoolExecutor.runWorker(ThreadPoolExecutor.java:1134)
	at java.base/java.util.concurrent.ThreadPoolExecutor$Worker.run(ThreadPoolExecutor.java:635)
	at java.base/java.lang.Thread.run(Thread.java:840)
Caused by: java.net.UnknownHostException: purebliss-postgres
	at java.base/sun.nio.ch.NioSocketImpl.connect(NioSocketImpl.java:572)
	at java.base/java.net.SocksSocketImpl.connect(SocksSocketImpl.java:327)
	at java.base/java.net.Socket.connect(Socket.java:633)
	at org.postgresql.core.PGStream.createSocket(PGStream.java:243)
	at org.postgresql.core.PGStream.<init>(PGStream.java:98)
	at org.postgresql.core.v3.ConnectionFactoryImpl.tryConnect(ConnectionFactoryImpl.java:136)
	at org.postgresql.core.v3.ConnectionFactoryImpl.openConnectionImpl(ConnectionFactoryImpl.java:262)
	... 17 more

2025-08-07 19:33:01,094 ERROR [io.vertx.ext.web.RoutingContext] (vert.x-eventloop-thread-1) Unhandled exception in router
2025-08-07 19:35:34,642 WARN  [io.agroal.pool] (agroal-11) Datasource '<default>': The connection attempt failed.
2025-08-07 19:35:34,643 WARN  [org.hibernate.engine.jdbc.spi.SqlExceptionHelper] (Timer-0) SQL Error: 0, SQLState: 08001
2025-08-07 19:35:34,643 ERROR [org.hibernate.engine.jdbc.spi.SqlExceptionHelper] (Timer-0) The connection attempt failed.
2025-08-07 19:35:34,644 ERROR [org.keycloak.services.scheduled.ScheduledTaskRunner] (Timer-0) Failed to run scheduled task ClearExpiredEvents: org.hibernate.exception.JDBCConnectionException: Unable to acquire JDBC Connection [The connection attempt failed.] [n/a]
	at org.hibernate.exception.internal.SQLStateConversionDelegate.convert(SQLStateConversionDelegate.java:100)
	at org.hibernate.exception.internal.StandardSQLExceptionConverter.convert(StandardSQLExceptionConverter.java:58)
	at org.hibernate.engine.jdbc.spi.SqlExceptionHelper.convert(SqlExceptionHelper.java:108)
	at org.hibernate.engine.jdbc.spi.SqlExceptionHelper.convert(SqlExceptionHelper.java:94)
	at org.hibernate.resource.jdbc.internal.LogicalConnectionManagedImpl.acquireConnectionIfNeeded(LogicalConnectionManagedImpl.java:116)
	at org.hibernate.resource.jdbc.internal.LogicalConnectionManagedImpl.getPhysicalConnection(LogicalConnectionManagedImpl.java:143)
	at org.hibernate.engine.jdbc.internal.StatementPreparerImpl.connection(StatementPreparerImpl.java:54)
	at org.hibernate.engine.jdbc.internal.StatementPreparerImpl$5.doPrepare(StatementPreparerImpl.java:153)
	at org.hibernate.engine.jdbc.internal.StatementPreparerImpl$StatementPreparationTemplate.prepareStatement(StatementPreparerImpl.java:183)
	at org.hibernate.engine.jdbc.internal.StatementPreparerImpl.prepareQueryStatement(StatementPreparerImpl.java:155)
	at org.hibernate.sql.exec.spi.JdbcSelectExecutor.lambda$list$0(JdbcSelectExecutor.java:85)
	at org.hibernate.sql.results.jdbc.internal.DeferredResultSetAccess.executeQuery(DeferredResultSetAccess.java:231)
	at org.hibernate.sql.results.jdbc.internal.DeferredResultSetAccess.getResultSet(DeferredResultSetAccess.java:167)
	at org.hibernate.sql.results.jdbc.internal.JdbcValuesResultSetImpl.advanceNext(JdbcValuesResultSetImpl.java:218)
	at org.hibernate.sql.results.jdbc.internal.JdbcValuesResultSetImpl.processNext(JdbcValuesResultSetImpl.java:98)
	at org.hibernate.sql.results.jdbc.internal.AbstractJdbcValues.next(AbstractJdbcValues.java:19)
	at org.hibernate.sql.results.internal.RowProcessingStateStandardImpl.next(RowProcessingStateStandardImpl.java:66)
	at org.hibernate.sql.results.spi.ListResultsConsumer.consume(ListResultsConsumer.java:202)
	at org.hibernate.sql.results.spi.ListResultsConsumer.consume(ListResultsConsumer.java:33)
	at org.hibernate.sql.exec.internal.JdbcSelectExecutorStandardImpl.doExecuteQuery(JdbcSelectExecutorStandardImpl.java:209)
	at org.hibernate.sql.exec.internal.JdbcSelectExecutorStandardImpl.executeQuery(JdbcSelectExecutorStandardImpl.java:83)
	at org.hibernate.sql.exec.spi.JdbcSelectExecutor.list(JdbcSelectExecutor.java:76)
	at org.hibernate.sql.exec.spi.JdbcSelectExecutor.list(JdbcSelectExecutor.java:65)
	at org.hibernate.query.sqm.internal.ConcreteSqmSelectQueryPlan.lambda$new$2(ConcreteSqmSelectQueryPlan.java:137)
	at org.hibernate.query.sqm.internal.ConcreteSqmSelectQueryPlan.withCacheableSqmInterpretation(ConcreteSqmSelectQueryPlan.java:362)
	at org.hibernate.query.sqm.internal.ConcreteSqmSelectQueryPlan.performList(ConcreteSqmSelectQueryPlan.java:303)
	at org.hibernate.query.sqm.internal.QuerySqmImpl.doList(QuerySqmImpl.java:509)
	at org.hibernate.query.spi.AbstractSelectionQuery.list(AbstractSelectionQuery.java:427)
	at org.hibernate.query.Query.getResultList(Query.java:120)
	at org.keycloak.events.jpa.JpaEventStoreProvider.clearExpiredEvents(JpaEventStoreProvider.java:94)
	at org.keycloak.services.scheduled.ClearExpiredEvents.run(ClearExpiredEvents.java:39)
	at org.keycloak.services.scheduled.ClusterAwareScheduledTaskRunner$1.call(ClusterAwareScheduledTaskRunner.java:56)
	at org.keycloak.services.scheduled.ClusterAwareScheduledTaskRunner$1.call(ClusterAwareScheduledTaskRunner.java:52)
	at org.keycloak.cluster.infinispan.InfinispanClusterProvider.executeIfNotExecuted(InfinispanClusterProvider.java:78)
	at org.keycloak.services.scheduled.ClusterAwareScheduledTaskRunner.runTask(ClusterAwareScheduledTaskRunner.java:52)
	at org.keycloak.services.scheduled.ScheduledTaskRunner.lambda$run$0(ScheduledTaskRunner.java:59)
	at org.keycloak.models.utils.KeycloakModelUtils.lambda$runJobInTransaction$1(KeycloakModelUtils.java:257)
	at org.keycloak.models.utils.KeycloakModelUtils.runJobInTransactionWithResult(KeycloakModelUtils.java:379)
	at org.keycloak.models.utils.KeycloakModelUtils.runJobInTransaction(KeycloakModelUtils.java:256)
	at org.keycloak.services.scheduled.ScheduledTaskRunner.run(ScheduledTaskRunner.java:53)
	at org.keycloak.timer.basic.BasicTimerProvider$1.run(BasicTimerProvider.java:53)
	at java.base/java.util.TimerThread.mainLoop(Timer.java:566)
	at java.base/java.util.TimerThread.run(Timer.java:516)
Caused by: org.postgresql.util.PSQLException: The connection attempt failed.
	at org.postgresql.core.v3.ConnectionFactoryImpl.openConnectionImpl(ConnectionFactoryImpl.java:358)
	at org.postgresql.core.ConnectionFactory.openConnection(ConnectionFactory.java:54)
	at org.postgresql.jdbc.PgConnection.<init>(PgConnection.java:273)
	at org.postgresql.Driver.makeConnection(Driver.java:446)
	at org.postgresql.Driver.connect(Driver.java:298)
	at java.sql/java.sql.DriverManager.getConnection(DriverManager.java:681)
	at java.sql/java.sql.DriverManager.getConnection(DriverManager.java:229)
	at org.postgresql.ds.common.BaseDataSource.getConnection(BaseDataSource.java:104)
	at org.postgresql.xa.PGXADataSource.getXAConnection(PGXADataSource.java:52)
	at org.postgresql.xa.PGXADataSource.getXAConnection(PGXADataSource.java:37)
	at io.agroal.pool.ConnectionFactory.createConnection(ConnectionFactory.java:231)
	at io.agroal.pool.ConnectionPool$CreateConnectionTask.call(ConnectionPool.java:545)
	at io.agroal.pool.ConnectionPool$CreateConnectionTask.call(ConnectionPool.java:526)
	at java.base/java.util.concurrent.FutureTask.run(FutureTask.java:264)
	at io.agroal.pool.util.PriorityScheduledExecutor.beforeExecute(PriorityScheduledExecutor.java:75)
	at java.base/java.util.concurrent.ThreadPoolExecutor.runWorker(ThreadPoolExecutor.java:1134)
	at java.base/java.util.concurrent.ThreadPoolExecutor$Worker.run(ThreadPoolExecutor.java:635)
	at java.base/java.lang.Thread.run(Thread.java:840)
Caused by: java.net.UnknownHostException: purebliss-postgres
	at java.base/sun.nio.ch.NioSocketImpl.connect(NioSocketImpl.java:572)
	at java.base/java.net.SocksSocketImpl.connect(SocksSocketImpl.java:327)
	at java.base/java.net.Socket.connect(Socket.java:633)
	at org.postgresql.core.PGStream.createSocket(PGStream.java:243)
	at org.postgresql.core.PGStream.<init>(PGStream.java:98)
	at org.postgresql.core.v3.ConnectionFactoryImpl.tryConnect(ConnectionFactoryImpl.java:136)
	at org.postgresql.core.v3.ConnectionFactoryImpl.openConnectionImpl(ConnectionFactoryImpl.java:262)
	... 17 more

2025-08-07 19:35:34,679 WARN  [io.agroal.pool] (agroal-11) Datasource '<default>': The connection attempt failed.
2025-08-07 19:35:34,680 WARN  [org.hibernate.engine.jdbc.spi.SqlExceptionHelper] (Timer-0) SQL Error: 0, SQLState: 08001
2025-08-07 19:35:34,680 ERROR [org.hibernate.engine.jdbc.spi.SqlExceptionHelper] (Timer-0) The connection attempt failed.
2025-08-07 19:35:34,681 ERROR [org.keycloak.services.scheduled.ScheduledTaskRunner] (Timer-0) Failed to run scheduled task ClearExpiredUserSessions: org.hibernate.exception.JDBCConnectionException: Unable to acquire JDBC Connection [The connection attempt failed.] [n/a]
	at org.hibernate.exception.internal.SQLStateConversionDelegate.convert(SQLStateConversionDelegate.java:100)
	at org.hibernate.exception.internal.StandardSQLExceptionConverter.convert(StandardSQLExceptionConverter.java:58)
	at org.hibernate.engine.jdbc.spi.SqlExceptionHelper.convert(SqlExceptionHelper.java:108)
	at org.hibernate.engine.jdbc.spi.SqlExceptionHelper.convert(SqlExceptionHelper.java:94)
	at org.hibernate.resource.jdbc.internal.LogicalConnectionManagedImpl.acquireConnectionIfNeeded(LogicalConnectionManagedImpl.java:116)
	at org.hibernate.resource.jdbc.internal.LogicalConnectionManagedImpl.getPhysicalConnection(LogicalConnectionManagedImpl.java:143)
	at org.hibernate.engine.jdbc.internal.StatementPreparerImpl.connection(StatementPreparerImpl.java:54)
	at org.hibernate.engine.jdbc.internal.StatementPreparerImpl$5.doPrepare(StatementPreparerImpl.java:153)
	at org.hibernate.engine.jdbc.internal.StatementPreparerImpl$StatementPreparationTemplate.prepareStatement(StatementPreparerImpl.java:183)
	at org.hibernate.engine.jdbc.internal.StatementPreparerImpl.prepareQueryStatement(StatementPreparerImpl.java:155)
	at org.hibernate.sql.exec.spi.JdbcSelectExecutor.lambda$scroll$1(JdbcSelectExecutor.java:102)
	at org.hibernate.sql.results.jdbc.internal.DeferredResultSetAccess.executeQuery(DeferredResultSetAccess.java:231)
	at org.hibernate.sql.results.jdbc.internal.DeferredResultSetAccess.getResultSet(DeferredResultSetAccess.java:167)
	at org.hibernate.sql.results.jdbc.internal.JdbcValuesResultSetImpl.advanceNext(JdbcValuesResultSetImpl.java:218)
	at org.hibernate.sql.results.jdbc.internal.JdbcValuesResultSetImpl.processNext(JdbcValuesResultSetImpl.java:98)
	at org.hibernate.sql.results.jdbc.internal.AbstractJdbcValues.next(AbstractJdbcValues.java:19)
	at org.hibernate.sql.results.internal.RowProcessingStateStandardImpl.next(RowProcessingStateStandardImpl.java:66)
	at org.hibernate.internal.ScrollableResultsImpl.next(ScrollableResultsImpl.java:51)
	at org.hibernate.query.internal.ScrollableResultsIterator.hasNext(ScrollableResultsIterator.java:33)
	at java.base/java.util.Iterator.forEachRemaining(Iterator.java:132)
	at java.base/java.util.Spliterators$IteratorSpliterator.forEachRemaining(Spliterators.java:1845)
	at java.base/java.util.stream.AbstractPipeline.copyInto(AbstractPipeline.java:509)
	at java.base/java.util.stream.AbstractPipeline.wrapAndCopyInto(AbstractPipeline.java:499)
	at java.base/java.util.stream.ForEachOps$ForEachOp.evaluateSequential(ForEachOps.java:150)
	at java.base/java.util.stream.ForEachOps$ForEachOp$OfRef.evaluateSequential(ForEachOps.java:173)
	at java.base/java.util.stream.AbstractPipeline.evaluate(AbstractPipeline.java:234)
	at java.base/java.util.stream.ReferencePipeline.forEach(ReferencePipeline.java:596)
	at org.keycloak.utils.ClosingStream.forEach(ClosingStream.java:128)
	at org.keycloak.models.sessions.infinispan.InfinispanUserSessionProvider.removeAllExpired(InfinispanUserSessionProvider.java:630)
	at org.keycloak.services.scheduled.ClearExpiredUserSessions.run(ClearExpiredUserSessions.java:39)
	at org.keycloak.services.scheduled.ClusterAwareScheduledTaskRunner$1.call(ClusterAwareScheduledTaskRunner.java:56)
	at org.keycloak.services.scheduled.ClusterAwareScheduledTaskRunner$1.call(ClusterAwareScheduledTaskRunner.java:52)
	at org.keycloak.cluster.infinispan.InfinispanClusterProvider.executeIfNotExecuted(InfinispanClusterProvider.java:78)
	at org.keycloak.services.scheduled.ClusterAwareScheduledTaskRunner.runTask(ClusterAwareScheduledTaskRunner.java:52)
	at org.keycloak.services.scheduled.ScheduledTaskRunner.lambda$run$0(ScheduledTaskRunner.java:59)
	at org.keycloak.models.utils.KeycloakModelUtils.lambda$runJobInTransaction$1(KeycloakModelUtils.java:257)
	at org.keycloak.models.utils.KeycloakModelUtils.runJobInTransactionWithResult(KeycloakModelUtils.java:379)
	at org.keycloak.models.utils.KeycloakModelUtils.runJobInTransaction(KeycloakModelUtils.java:256)
	at org.keycloak.services.scheduled.ScheduledTaskRunner.run(ScheduledTaskRunner.java:53)
	at org.keycloak.timer.basic.BasicTimerProvider$1.run(BasicTimerProvider.java:53)
	at java.base/java.util.TimerThread.mainLoop(Timer.java:566)
	at java.base/java.util.TimerThread.run(Timer.java:516)
Caused by: org.postgresql.util.PSQLException: The connection attempt failed.
	at org.postgresql.core.v3.ConnectionFactoryImpl.openConnectionImpl(ConnectionFactoryImpl.java:358)
	at org.postgresql.core.ConnectionFactory.openConnection(ConnectionFactory.java:54)
	at org.postgresql.jdbc.PgConnection.<init>(PgConnection.java:273)
	at org.postgresql.Driver.makeConnection(Driver.java:446)
	at org.postgresql.Driver.connect(Driver.java:298)
	at java.sql/java.sql.DriverManager.getConnection(DriverManager.java:681)
	at java.sql/java.sql.DriverManager.getConnection(DriverManager.java:229)
	at org.postgresql.ds.common.BaseDataSource.getConnection(BaseDataSource.java:104)
	at org.postgresql.xa.PGXADataSource.getXAConnection(PGXADataSource.java:52)
	at org.postgresql.xa.PGXADataSource.getXAConnection(PGXADataSource.java:37)
	at io.agroal.pool.ConnectionFactory.createConnection(ConnectionFactory.java:231)
	at io.agroal.pool.ConnectionPool$CreateConnectionTask.call(ConnectionPool.java:545)
	at io.agroal.pool.ConnectionPool$CreateConnectionTask.call(ConnectionPool.java:526)
	at java.base/java.util.concurrent.FutureTask.run(FutureTask.java:264)
	at io.agroal.pool.util.PriorityScheduledExecutor.beforeExecute(PriorityScheduledExecutor.java:75)
	at java.base/java.util.concurrent.ThreadPoolExecutor.runWorker(ThreadPoolExecutor.java:1134)
	at java.base/java.util.concurrent.ThreadPoolExecutor$Worker.run(ThreadPoolExecutor.java:635)
	at java.base/java.lang.Thread.run(Thread.java:840)
Caused by: java.net.UnknownHostException: purebliss-postgres
	at java.base/sun.nio.ch.NioSocketImpl.connect(NioSocketImpl.java:572)
	at java.base/java.net.SocksSocketImpl.connect(SocksSocketImpl.java:327)
	at java.base/java.net.Socket.connect(Socket.java:633)
	at org.postgresql.core.PGStream.createSocket(PGStream.java:243)
	at org.postgresql.core.PGStream.<init>(PGStream.java:98)
	at org.postgresql.core.v3.ConnectionFactoryImpl.tryConnect(ConnectionFactoryImpl.java:136)
	at org.postgresql.core.v3.ConnectionFactoryImpl.openConnectionImpl(ConnectionFactoryImpl.java:262)
	... 17 more

2025-08-07 19:35:34,722 WARN  [io.agroal.pool] (agroal-11) Datasource '<default>': The connection attempt failed.
2025-08-07 19:35:34,722 WARN  [org.hibernate.engine.jdbc.spi.SqlExceptionHelper] (Timer-0) SQL Error: 0, SQLState: 08001
2025-08-07 19:35:34,723 ERROR [org.hibernate.engine.jdbc.spi.SqlExceptionHelper] (Timer-0) The connection attempt failed.
2025-08-07 19:35:34,723 ERROR [org.keycloak.services.scheduled.ScheduledTaskRunner] (Timer-0) Failed to run scheduled task ClearExpiredAdminEvents: org.hibernate.exception.JDBCConnectionException: Unable to acquire JDBC Connection [The connection attempt failed.] [n/a]
	at org.hibernate.exception.internal.SQLStateConversionDelegate.convert(SQLStateConversionDelegate.java:100)
	at org.hibernate.exception.internal.StandardSQLExceptionConverter.convert(StandardSQLExceptionConverter.java:58)
	at org.hibernate.engine.jdbc.spi.SqlExceptionHelper.convert(SqlExceptionHelper.java:108)
	at org.hibernate.engine.jdbc.spi.SqlExceptionHelper.convert(SqlExceptionHelper.java:94)
	at org.hibernate.resource.jdbc.internal.LogicalConnectionManagedImpl.acquireConnectionIfNeeded(LogicalConnectionManagedImpl.java:116)
	at org.hibernate.resource.jdbc.internal.LogicalConnectionManagedImpl.getPhysicalConnection(LogicalConnectionManagedImpl.java:143)
	at org.hibernate.engine.jdbc.internal.StatementPreparerImpl.connection(StatementPreparerImpl.java:54)
	at org.hibernate.engine.jdbc.internal.StatementPreparerImpl$5.doPrepare(StatementPreparerImpl.java:153)
	at org.hibernate.engine.jdbc.internal.StatementPreparerImpl$StatementPreparationTemplate.prepareStatement(StatementPreparerImpl.java:183)
	at org.hibernate.engine.jdbc.internal.StatementPreparerImpl.prepareQueryStatement(StatementPreparerImpl.java:155)
	at org.hibernate.sql.exec.spi.JdbcSelectExecutor.lambda$scroll$1(JdbcSelectExecutor.java:102)
	at org.hibernate.sql.results.jdbc.internal.DeferredResultSetAccess.executeQuery(DeferredResultSetAccess.java:231)
	at org.hibernate.sql.results.jdbc.internal.DeferredResultSetAccess.getResultSet(DeferredResultSetAccess.java:167)
	at org.hibernate.sql.results.jdbc.internal.JdbcValuesResultSetImpl.advanceNext(JdbcValuesResultSetImpl.java:218)
	at org.hibernate.sql.results.jdbc.internal.JdbcValuesResultSetImpl.processNext(JdbcValuesResultSetImpl.java:98)
	at org.hibernate.sql.results.jdbc.internal.AbstractJdbcValues.next(AbstractJdbcValues.java:19)
	at org.hibernate.sql.results.internal.RowProcessingStateStandardImpl.next(RowProcessingStateStandardImpl.java:66)
	at org.hibernate.internal.ScrollableResultsImpl.next(ScrollableResultsImpl.java:51)
	at org.hibernate.query.internal.ScrollableResultsIterator.hasNext(ScrollableResultsIterator.java:33)
	at java.base/java.util.Iterator.forEachRemaining(Iterator.java:132)
	at java.base/java.util.Spliterators$IteratorSpliterator.forEachRemaining(Spliterators.java:1845)
	at java.base/java.util.stream.AbstractPipeline.copyInto(AbstractPipeline.java:509)
	at java.base/java.util.stream.AbstractPipeline.wrapAndCopyInto(AbstractPipeline.java:499)
	at java.base/java.util.stream.ReduceOps$ReduceOp.evaluateSequential(ReduceOps.java:921)
	at java.base/java.util.stream.AbstractPipeline.evaluate(AbstractPipeline.java:234)
	at java.base/java.util.stream.ReferencePipeline.collect(ReferencePipeline.java:682)
	at org.keycloak.events.jpa.JpaEventStoreProvider.clearExpiredAdminEvents(JpaEventStoreProvider.java:265)
	at org.keycloak.events.jpa.JpaEventStoreProviderFactory.invalidate(JpaEventStoreProviderFactory.java:63)
	at org.keycloak.services.DefaultKeycloakSessionFactory.lambda$invalidate$0(DefaultKeycloakSessionFactory.java:367)
	at java.base/java.util.stream.ForEachOps$ForEachOp$OfRef.accept(ForEachOps.java:183)
	at java.base/java.util.stream.ReferencePipeline$3$1.accept(ReferencePipeline.java:197)
	at java.base/java.util.stream.ReferencePipeline$2$1.accept(ReferencePipeline.java:179)
	at java.base/java.util.HashMap$ValueSpliterator.forEachRemaining(HashMap.java:1779)
	at java.base/java.util.stream.ReferencePipeline$Head.forEach(ReferencePipeline.java:762)
	at java.base/java.util.stream.ReferencePipeline$7$1.accept(ReferencePipeline.java:276)
	at java.base/java.util.stream.ReferencePipeline$3$1.accept(ReferencePipeline.java:197)
	at java.base/java.util.HashMap$ValueSpliterator.forEachRemaining(HashMap.java:1779)
	at java.base/java.util.stream.AbstractPipeline.copyInto(AbstractPipeline.java:509)
	at java.base/java.util.stream.AbstractPipeline.wrapAndCopyInto(AbstractPipeline.java:499)
	at java.base/java.util.stream.ForEachOps$ForEachOp.evaluateSequential(ForEachOps.java:150)
	at java.base/java.util.stream.ForEachOps$ForEachOp$OfRef.evaluateSequential(ForEachOps.java:173)
	at java.base/java.util.stream.AbstractPipeline.evaluate(AbstractPipeline.java:234)
	at java.base/java.util.stream.ReferencePipeline.forEach(ReferencePipeline.java:596)
	at org.keycloak.services.DefaultKeycloakSessionFactory.invalidate(DefaultKeycloakSessionFactory.java:367)
	at org.keycloak.services.DefaultKeycloakSession.invalidate(DefaultKeycloakSession.java:108)
	at org.keycloak.services.scheduled.ClearExpiredAdminEvents.run(ClearExpiredAdminEvents.java:33)
	at org.keycloak.services.scheduled.ClusterAwareScheduledTaskRunner$1.call(ClusterAwareScheduledTaskRunner.java:56)
	at org.keycloak.services.scheduled.ClusterAwareScheduledTaskRunner$1.call(ClusterAwareScheduledTaskRunner.java:52)
	at org.keycloak.cluster.infinispan.InfinispanClusterProvider.executeIfNotExecuted(InfinispanClusterProvider.java:78)
	at org.keycloak.services.scheduled.ClusterAwareScheduledTaskRunner.runTask(ClusterAwareScheduledTaskRunner.java:52)
	at org.keycloak.services.scheduled.ScheduledTaskRunner.lambda$run$0(ScheduledTaskRunner.java:59)
	at org.keycloak.models.utils.KeycloakModelUtils.lambda$runJobInTransaction$1(KeycloakModelUtils.java:257)
	at org.keycloak.models.utils.KeycloakModelUtils.runJobInTransactionWithResult(KeycloakModelUtils.java:379)
	at org.keycloak.models.utils.KeycloakModelUtils.runJobInTransaction(KeycloakModelUtils.java:256)
	at org.keycloak.services.scheduled.ScheduledTaskRunner.run(ScheduledTaskRunner.java:53)
	at org.keycloak.timer.basic.BasicTimerProvider$1.run(BasicTimerProvider.java:53)
	at java.base/java.util.TimerThread.mainLoop(Timer.java:566)
	at java.base/java.util.TimerThread.run(Timer.java:516)
Caused by: org.postgresql.util.PSQLException: The connection attempt failed.
	at org.postgresql.core.v3.ConnectionFactoryImpl.openConnectionImpl(ConnectionFactoryImpl.java:358)
	at org.postgresql.core.ConnectionFactory.openConnection(ConnectionFactory.java:54)
	at org.postgresql.jdbc.PgConnection.<init>(PgConnection.java:273)
	at org.postgresql.Driver.makeConnection(Driver.java:446)
	at org.postgresql.Driver.connect(Driver.java:298)
	at java.sql/java.sql.DriverManager.getConnection(DriverManager.java:681)
	at java.sql/java.sql.DriverManager.getConnection(DriverManager.java:229)
	at org.postgresql.ds.common.BaseDataSource.getConnection(BaseDataSource.java:104)
	at org.postgresql.xa.PGXADataSource.getXAConnection(PGXADataSource.java:52)
	at org.postgresql.xa.PGXADataSource.getXAConnection(PGXADataSource.java:37)
	at io.agroal.pool.ConnectionFactory.createConnection(ConnectionFactory.java:231)
	at io.agroal.pool.ConnectionPool$CreateConnectionTask.call(ConnectionPool.java:545)
	at io.agroal.pool.ConnectionPool$CreateConnectionTask.call(ConnectionPool.java:526)
	at java.base/java.util.concurrent.FutureTask.run(FutureTask.java:264)
	at io.agroal.pool.util.PriorityScheduledExecutor.beforeExecute(PriorityScheduledExecutor.java:75)
	at java.base/java.util.concurrent.ThreadPoolExecutor.runWorker(ThreadPoolExecutor.java:1134)
	at java.base/java.util.concurrent.ThreadPoolExecutor$Worker.run(ThreadPoolExecutor.java:635)
	at java.base/java.lang.Thread.run(Thread.java:840)
Caused by: java.net.UnknownHostException: purebliss-postgres
	at java.base/sun.nio.ch.NioSocketImpl.connect(NioSocketImpl.java:572)
	at java.base/java.net.SocksSocketImpl.connect(SocksSocketImpl.java:327)
	at java.base/java.net.Socket.connect(Socket.java:633)
	at org.postgresql.core.PGStream.createSocket(PGStream.java:243)
	at org.postgresql.core.PGStream.<init>(PGStream.java:98)
	at org.postgresql.core.v3.ConnectionFactoryImpl.tryConnect(ConnectionFactoryImpl.java:136)
	at org.postgresql.core.v3.ConnectionFactoryImpl.openConnectionImpl(ConnectionFactoryImpl.java:262)
	... 17 more

2025-08-07 19:35:34,768 WARN  [io.agroal.pool] (agroal-11) Datasource '<default>': The connection attempt failed.
2025-08-07 19:35:34,769 WARN  [org.hibernate.engine.jdbc.spi.SqlExceptionHelper] (Timer-0) SQL Error: 0, SQLState: 08001
2025-08-07 19:35:34,769 ERROR [org.hibernate.engine.jdbc.spi.SqlExceptionHelper] (Timer-0) The connection attempt failed.
2025-08-07 19:35:34,770 ERROR [org.keycloak.services.scheduled.ScheduledTaskRunner] (Timer-0) Failed to run scheduled task ClearExpiredClientInitialAccessTokens: org.hibernate.exception.JDBCConnectionException: Unable to acquire JDBC Connection [The connection attempt failed.] [n/a]
	at org.hibernate.exception.internal.SQLStateConversionDelegate.convert(SQLStateConversionDelegate.java:100)
	at org.hibernate.exception.internal.StandardSQLExceptionConverter.convert(StandardSQLExceptionConverter.java:58)
	at org.hibernate.engine.jdbc.spi.SqlExceptionHelper.convert(SqlExceptionHelper.java:108)
	at org.hibernate.engine.jdbc.spi.SqlExceptionHelper.convert(SqlExceptionHelper.java:94)
	at org.hibernate.resource.jdbc.internal.LogicalConnectionManagedImpl.acquireConnectionIfNeeded(LogicalConnectionManagedImpl.java:116)
	at org.hibernate.resource.jdbc.internal.LogicalConnectionManagedImpl.getPhysicalConnection(LogicalConnectionManagedImpl.java:143)
	at org.hibernate.engine.jdbc.internal.StatementPreparerImpl.connection(StatementPreparerImpl.java:54)
	at org.hibernate.engine.jdbc.internal.StatementPreparerImpl$1.doPrepare(StatementPreparerImpl.java:94)
	at org.hibernate.engine.jdbc.internal.StatementPreparerImpl$StatementPreparationTemplate.prepareStatement(StatementPreparerImpl.java:183)
	at org.hibernate.engine.jdbc.internal.StatementPreparerImpl.prepareStatement(StatementPreparerImpl.java:79)
	at org.hibernate.query.sqm.internal.SimpleDeleteQueryPlan.lambda$executeUpdate$2(SimpleDeleteQueryPlan.java:197)
	at org.hibernate.sql.exec.internal.StandardJdbcMutationExecutor.execute(StandardJdbcMutationExecutor.java:64)
	at org.hibernate.query.sqm.internal.SimpleDeleteQueryPlan.executeUpdate(SimpleDeleteQueryPlan.java:191)
	at org.hibernate.query.sqm.internal.QuerySqmImpl.doExecuteUpdate(QuerySqmImpl.java:705)
	at org.hibernate.query.sqm.internal.QuerySqmImpl.executeUpdate(QuerySqmImpl.java:675)
	at org.keycloak.models.jpa.JpaRealmProvider.removeExpiredClientInitialAccess(JpaRealmProvider.java:1167)
	at org.keycloak.models.cache.infinispan.RealmCacheSession.removeExpiredClientInitialAccess(RealmCacheSession.java:1483)
	at org.keycloak.services.scheduled.ClearExpiredClientInitialAccessTokens.run(ClearExpiredClientInitialAccessTokens.java:30)
	at org.keycloak.services.scheduled.ClusterAwareScheduledTaskRunner$1.call(ClusterAwareScheduledTaskRunner.java:56)
	at org.keycloak.services.scheduled.ClusterAwareScheduledTaskRunner$1.call(ClusterAwareScheduledTaskRunner.java:52)
	at org.keycloak.cluster.infinispan.InfinispanClusterProvider.executeIfNotExecuted(InfinispanClusterProvider.java:78)
	at org.keycloak.services.scheduled.ClusterAwareScheduledTaskRunner.runTask(ClusterAwareScheduledTaskRunner.java:52)
	at org.keycloak.services.scheduled.ScheduledTaskRunner.lambda$run$0(ScheduledTaskRunner.java:59)
	at org.keycloak.models.utils.KeycloakModelUtils.lambda$runJobInTransaction$1(KeycloakModelUtils.java:257)
	at org.keycloak.models.utils.KeycloakModelUtils.runJobInTransactionWithResult(KeycloakModelUtils.java:379)
	at org.keycloak.models.utils.KeycloakModelUtils.runJobInTransaction(KeycloakModelUtils.java:256)
	at org.keycloak.services.scheduled.ScheduledTaskRunner.run(ScheduledTaskRunner.java:53)
	at org.keycloak.timer.basic.BasicTimerProvider$1.run(BasicTimerProvider.java:53)
	at java.base/java.util.TimerThread.mainLoop(Timer.java:566)
	at java.base/java.util.TimerThread.run(Timer.java:516)
Caused by: org.postgresql.util.PSQLException: The connection attempt failed.
	at org.postgresql.core.v3.ConnectionFactoryImpl.openConnectionImpl(ConnectionFactoryImpl.java:358)
	at org.postgresql.core.ConnectionFactory.openConnection(ConnectionFactory.java:54)
	at org.postgresql.jdbc.PgConnection.<init>(PgConnection.java:273)
	at org.postgresql.Driver.makeConnection(Driver.java:446)
	at org.postgresql.Driver.connect(Driver.java:298)
	at java.sql/java.sql.DriverManager.getConnection(DriverManager.java:681)
	at java.sql/java.sql.DriverManager.getConnection(DriverManager.java:229)
	at org.postgresql.ds.common.BaseDataSource.getConnection(BaseDataSource.java:104)
	at org.postgresql.xa.PGXADataSource.getXAConnection(PGXADataSource.java:52)
	at org.postgresql.xa.PGXADataSource.getXAConnection(PGXADataSource.java:37)
	at io.agroal.pool.ConnectionFactory.createConnection(ConnectionFactory.java:231)
	at io.agroal.pool.ConnectionPool$CreateConnectionTask.call(ConnectionPool.java:545)
	at io.agroal.pool.ConnectionPool$CreateConnectionTask.call(ConnectionPool.java:526)
	at java.base/java.util.concurrent.FutureTask.run(FutureTask.java:264)
	at io.agroal.pool.util.PriorityScheduledExecutor.beforeExecute(PriorityScheduledExecutor.java:75)
	at java.base/java.util.concurrent.ThreadPoolExecutor.runWorker(ThreadPoolExecutor.java:1134)
	at java.base/java.util.concurrent.ThreadPoolExecutor$Worker.run(ThreadPoolExecutor.java:635)
	at java.base/java.lang.Thread.run(Thread.java:840)
Caused by: java.net.UnknownHostException: purebliss-postgres
	at java.base/sun.nio.ch.NioSocketImpl.connect(NioSocketImpl.java:572)
	at java.base/java.net.SocksSocketImpl.connect(SocksSocketImpl.java:327)
	at java.base/java.net.Socket.connect(Socket.java:633)
	at org.postgresql.core.PGStream.createSocket(PGStream.java:243)
	at org.postgresql.core.PGStream.<init>(PGStream.java:98)
	at org.postgresql.core.v3.ConnectionFactoryImpl.tryConnect(ConnectionFactoryImpl.java:136)
	at org.postgresql.core.v3.ConnectionFactoryImpl.openConnectionImpl(ConnectionFactoryImpl.java:262)
	... 17 more

2025-08-07 19:50:34,626 WARN  [io.agroal.pool] (agroal-11) Datasource '<default>': FATAL: password authentication failed for user "keycloak"
2025-08-07 19:50:34,627 WARN  [org.hibernate.engine.jdbc.spi.SqlExceptionHelper] (Timer-0) SQL Error: 0, SQLState: 28P01
2025-08-07 19:50:34,627 ERROR [org.hibernate.engine.jdbc.spi.SqlExceptionHelper] (Timer-0) FATAL: password authentication failed for user "keycloak"
2025-08-07 19:50:34,628 ERROR [org.keycloak.services.scheduled.ScheduledTaskRunner] (Timer-0) Failed to run scheduled task ClearExpiredEvents: org.hibernate.exception.GenericJDBCException: Unable to acquire JDBC Connection [FATAL: password authentication failed for user "keycloak"] [n/a]
	at org.hibernate.exception.internal.StandardSQLExceptionConverter.convert(StandardSQLExceptionConverter.java:63)
	at org.hibernate.engine.jdbc.spi.SqlExceptionHelper.convert(SqlExceptionHelper.java:108)
	at org.hibernate.engine.jdbc.spi.SqlExceptionHelper.convert(SqlExceptionHelper.java:94)
	at org.hibernate.resource.jdbc.internal.LogicalConnectionManagedImpl.acquireConnectionIfNeeded(LogicalConnectionManagedImpl.java:116)
	at org.hibernate.resource.jdbc.internal.LogicalConnectionManagedImpl.getPhysicalConnection(LogicalConnectionManagedImpl.java:143)
	at org.hibernate.engine.jdbc.internal.StatementPreparerImpl.connection(StatementPreparerImpl.java:54)
	at org.hibernate.engine.jdbc.internal.StatementPreparerImpl$5.doPrepare(StatementPreparerImpl.java:153)
	at org.hibernate.engine.jdbc.internal.StatementPreparerImpl$StatementPreparationTemplate.prepareStatement(StatementPreparerImpl.java:183)
	at org.hibernate.engine.jdbc.internal.StatementPreparerImpl.prepareQueryStatement(StatementPreparerImpl.java:155)
	at org.hibernate.sql.exec.spi.JdbcSelectExecutor.lambda$list$0(JdbcSelectExecutor.java:85)
	at org.hibernate.sql.results.jdbc.internal.DeferredResultSetAccess.executeQuery(DeferredResultSetAccess.java:231)
	at org.hibernate.sql.results.jdbc.internal.DeferredResultSetAccess.getResultSet(DeferredResultSetAccess.java:167)
	at org.hibernate.sql.results.jdbc.internal.JdbcValuesResultSetImpl.advanceNext(JdbcValuesResultSetImpl.java:218)
	at org.hibernate.sql.results.jdbc.internal.JdbcValuesResultSetImpl.processNext(JdbcValuesResultSetImpl.java:98)
	at org.hibernate.sql.results.jdbc.internal.AbstractJdbcValues.next(AbstractJdbcValues.java:19)
	at org.hibernate.sql.results.internal.RowProcessingStateStandardImpl.next(RowProcessingStateStandardImpl.java:66)
	at org.hibernate.sql.results.spi.ListResultsConsumer.consume(ListResultsConsumer.java:202)
	at org.hibernate.sql.results.spi.ListResultsConsumer.consume(ListResultsConsumer.java:33)
	at org.hibernate.sql.exec.internal.JdbcSelectExecutorStandardImpl.doExecuteQuery(JdbcSelectExecutorStandardImpl.java:209)
	at org.hibernate.sql.exec.internal.JdbcSelectExecutorStandardImpl.executeQuery(JdbcSelectExecutorStandardImpl.java:83)
	at org.hibernate.sql.exec.spi.JdbcSelectExecutor.list(JdbcSelectExecutor.java:76)
	at org.hibernate.sql.exec.spi.JdbcSelectExecutor.list(JdbcSelectExecutor.java:65)
	at org.hibernate.query.sqm.internal.ConcreteSqmSelectQueryPlan.lambda$new$2(ConcreteSqmSelectQueryPlan.java:137)
	at org.hibernate.query.sqm.internal.ConcreteSqmSelectQueryPlan.withCacheableSqmInterpretation(ConcreteSqmSelectQueryPlan.java:362)
	at org.hibernate.query.sqm.internal.ConcreteSqmSelectQueryPlan.performList(ConcreteSqmSelectQueryPlan.java:303)
	at org.hibernate.query.sqm.internal.QuerySqmImpl.doList(QuerySqmImpl.java:509)
	at org.hibernate.query.spi.AbstractSelectionQuery.list(AbstractSelectionQuery.java:427)
	at org.hibernate.query.Query.getResultList(Query.java:120)
	at org.keycloak.events.jpa.JpaEventStoreProvider.clearExpiredEvents(JpaEventStoreProvider.java:94)
	at org.keycloak.services.scheduled.ClearExpiredEvents.run(ClearExpiredEvents.java:39)
	at org.keycloak.services.scheduled.ClusterAwareScheduledTaskRunner$1.call(ClusterAwareScheduledTaskRunner.java:56)
	at org.keycloak.services.scheduled.ClusterAwareScheduledTaskRunner$1.call(ClusterAwareScheduledTaskRunner.java:52)
	at org.keycloak.cluster.infinispan.InfinispanClusterProvider.executeIfNotExecuted(InfinispanClusterProvider.java:78)
	at org.keycloak.services.scheduled.ClusterAwareScheduledTaskRunner.runTask(ClusterAwareScheduledTaskRunner.java:52)
	at org.keycloak.services.scheduled.ScheduledTaskRunner.lambda$run$0(ScheduledTaskRunner.java:59)
	at org.keycloak.models.utils.KeycloakModelUtils.lambda$runJobInTransaction$1(KeycloakModelUtils.java:257)
	at org.keycloak.models.utils.KeycloakModelUtils.runJobInTransactionWithResult(KeycloakModelUtils.java:379)
	at org.keycloak.models.utils.KeycloakModelUtils.runJobInTransaction(KeycloakModelUtils.java:256)
	at org.keycloak.services.scheduled.ScheduledTaskRunner.run(ScheduledTaskRunner.java:53)
	at org.keycloak.timer.basic.BasicTimerProvider$1.run(BasicTimerProvider.java:53)
	at java.base/java.util.TimerThread.mainLoop(Timer.java:566)
	at java.base/java.util.TimerThread.run(Timer.java:516)
Caused by: org.postgresql.util.PSQLException: FATAL: password authentication failed for user "keycloak"
	at org.postgresql.core.v3.ConnectionFactoryImpl.doAuthentication(ConnectionFactoryImpl.java:698)
	at org.postgresql.core.v3.ConnectionFactoryImpl.tryConnect(ConnectionFactoryImpl.java:207)
	at org.postgresql.core.v3.ConnectionFactoryImpl.openConnectionImpl(ConnectionFactoryImpl.java:262)
	at org.postgresql.core.ConnectionFactory.openConnection(ConnectionFactory.java:54)
	at org.postgresql.jdbc.PgConnection.<init>(PgConnection.java:273)
	at org.postgresql.Driver.makeConnection(Driver.java:446)
	at org.postgresql.Driver.connect(Driver.java:298)
	at java.sql/java.sql.DriverManager.getConnection(DriverManager.java:681)
	at java.sql/java.sql.DriverManager.getConnection(DriverManager.java:229)
	at org.postgresql.ds.common.BaseDataSource.getConnection(BaseDataSource.java:104)
	at org.postgresql.xa.PGXADataSource.getXAConnection(PGXADataSource.java:52)
	at org.postgresql.xa.PGXADataSource.getXAConnection(PGXADataSource.java:37)
	at io.agroal.pool.ConnectionFactory.createConnection(ConnectionFactory.java:231)
	at io.agroal.pool.ConnectionPool$CreateConnectionTask.call(ConnectionPool.java:545)
	at io.agroal.pool.ConnectionPool$CreateConnectionTask.call(ConnectionPool.java:526)
	at java.base/java.util.concurrent.FutureTask.run(FutureTask.java:264)
	at io.agroal.pool.util.PriorityScheduledExecutor.beforeExecute(PriorityScheduledExecutor.java:75)
	at java.base/java.util.concurrent.ThreadPoolExecutor.runWorker(ThreadPoolExecutor.java:1134)
	at java.base/java.util.concurrent.ThreadPoolExecutor$Worker.run(ThreadPoolExecutor.java:635)
	at java.base/java.lang.Thread.run(Thread.java:840)

2025-08-07 19:50:34,681 WARN  [io.agroal.pool] (agroal-11) Datasource '<default>': FATAL: password authentication failed for user "keycloak"
2025-08-07 19:50:34,682 WARN  [org.hibernate.engine.jdbc.spi.SqlExceptionHelper] (Timer-0) SQL Error: 0, SQLState: 28P01
2025-08-07 19:50:34,682 ERROR [org.hibernate.engine.jdbc.spi.SqlExceptionHelper] (Timer-0) FATAL: password authentication failed for user "keycloak"
2025-08-07 19:50:34,683 ERROR [org.keycloak.services.scheduled.ScheduledTaskRunner] (Timer-0) Failed to run scheduled task ClearExpiredUserSessions: org.hibernate.exception.GenericJDBCException: Unable to acquire JDBC Connection [FATAL: password authentication failed for user "keycloak"] [n/a]
	at org.hibernate.exception.internal.StandardSQLExceptionConverter.convert(StandardSQLExceptionConverter.java:63)
	at org.hibernate.engine.jdbc.spi.SqlExceptionHelper.convert(SqlExceptionHelper.java:108)
	at org.hibernate.engine.jdbc.spi.SqlExceptionHelper.convert(SqlExceptionHelper.java:94)
	at org.hibernate.resource.jdbc.internal.LogicalConnectionManagedImpl.acquireConnectionIfNeeded(LogicalConnectionManagedImpl.java:116)
	at org.hibernate.resource.jdbc.internal.LogicalConnectionManagedImpl.getPhysicalConnection(LogicalConnectionManagedImpl.java:143)
	at org.hibernate.engine.jdbc.internal.StatementPreparerImpl.connection(StatementPreparerImpl.java:54)
	at org.hibernate.engine.jdbc.internal.StatementPreparerImpl$5.doPrepare(StatementPreparerImpl.java:153)
	at org.hibernate.engine.jdbc.internal.StatementPreparerImpl$StatementPreparationTemplate.prepareStatement(StatementPreparerImpl.java:183)
	at org.hibernate.engine.jdbc.internal.StatementPreparerImpl.prepareQueryStatement(StatementPreparerImpl.java:155)
	at org.hibernate.sql.exec.spi.JdbcSelectExecutor.lambda$scroll$1(JdbcSelectExecutor.java:102)
	at org.hibernate.sql.results.jdbc.internal.DeferredResultSetAccess.executeQuery(DeferredResultSetAccess.java:231)
	at org.hibernate.sql.results.jdbc.internal.DeferredResultSetAccess.getResultSet(DeferredResultSetAccess.java:167)
	at org.hibernate.sql.results.jdbc.internal.JdbcValuesResultSetImpl.advanceNext(JdbcValuesResultSetImpl.java:218)
	at org.hibernate.sql.results.jdbc.internal.JdbcValuesResultSetImpl.processNext(JdbcValuesResultSetImpl.java:98)
	at org.hibernate.sql.results.jdbc.internal.AbstractJdbcValues.next(AbstractJdbcValues.java:19)
	at org.hibernate.sql.results.internal.RowProcessingStateStandardImpl.next(RowProcessingStateStandardImpl.java:66)
	at org.hibernate.internal.ScrollableResultsImpl.next(ScrollableResultsImpl.java:51)
	at org.hibernate.query.internal.ScrollableResultsIterator.hasNext(ScrollableResultsIterator.java:33)
	at java.base/java.util.Iterator.forEachRemaining(Iterator.java:132)
	at java.base/java.util.Spliterators$IteratorSpliterator.forEachRemaining(Spliterators.java:1845)
	at java.base/java.util.stream.AbstractPipeline.copyInto(AbstractPipeline.java:509)
	at java.base/java.util.stream.AbstractPipeline.wrapAndCopyInto(AbstractPipeline.java:499)
	at java.base/java.util.stream.ForEachOps$ForEachOp.evaluateSequential(ForEachOps.java:150)
	at java.base/java.util.stream.ForEachOps$ForEachOp$OfRef.evaluateSequential(ForEachOps.java:173)
	at java.base/java.util.stream.AbstractPipeline.evaluate(AbstractPipeline.java:234)
	at java.base/java.util.stream.ReferencePipeline.forEach(ReferencePipeline.java:596)
	at org.keycloak.utils.ClosingStream.forEach(ClosingStream.java:128)
	at org.keycloak.models.sessions.infinispan.InfinispanUserSessionProvider.removeAllExpired(InfinispanUserSessionProvider.java:630)
	at org.keycloak.services.scheduled.ClearExpiredUserSessions.run(ClearExpiredUserSessions.java:39)
	at org.keycloak.services.scheduled.ClusterAwareScheduledTaskRunner$1.call(ClusterAwareScheduledTaskRunner.java:56)
	at org.keycloak.services.scheduled.ClusterAwareScheduledTaskRunner$1.call(ClusterAwareScheduledTaskRunner.java:52)
	at org.keycloak.cluster.infinispan.InfinispanClusterProvider.executeIfNotExecuted(InfinispanClusterProvider.java:78)
	at org.keycloak.services.scheduled.ClusterAwareScheduledTaskRunner.runTask(ClusterAwareScheduledTaskRunner.java:52)
	at org.keycloak.services.scheduled.ScheduledTaskRunner.lambda$run$0(ScheduledTaskRunner.java:59)
	at org.keycloak.models.utils.KeycloakModelUtils.lambda$runJobInTransaction$1(KeycloakModelUtils.java:257)
	at org.keycloak.models.utils.KeycloakModelUtils.runJobInTransactionWithResult(KeycloakModelUtils.java:379)
	at org.keycloak.models.utils.KeycloakModelUtils.runJobInTransaction(KeycloakModelUtils.java:256)
	at org.keycloak.services.scheduled.ScheduledTaskRunner.run(ScheduledTaskRunner.java:53)
	at org.keycloak.timer.basic.BasicTimerProvider$1.run(BasicTimerProvider.java:53)
	at java.base/java.util.TimerThread.mainLoop(Timer.java:566)
	at java.base/java.util.TimerThread.run(Timer.java:516)
Caused by: org.postgresql.util.PSQLException: FATAL: password authentication failed for user "keycloak"
	at org.postgresql.core.v3.ConnectionFactoryImpl.doAuthentication(ConnectionFactoryImpl.java:698)
	at org.postgresql.core.v3.ConnectionFactoryImpl.tryConnect(ConnectionFactoryImpl.java:207)
	at org.postgresql.core.v3.ConnectionFactoryImpl.openConnectionImpl(ConnectionFactoryImpl.java:262)
	at org.postgresql.core.ConnectionFactory.openConnection(ConnectionFactory.java:54)
	at org.postgresql.jdbc.PgConnection.<init>(PgConnection.java:273)
	at org.postgresql.Driver.makeConnection(Driver.java:446)
	at org.postgresql.Driver.connect(Driver.java:298)
	at java.sql/java.sql.DriverManager.getConnection(DriverManager.java:681)
	at java.sql/java.sql.DriverManager.getConnection(DriverManager.java:229)
	at org.postgresql.ds.common.BaseDataSource.getConnection(BaseDataSource.java:104)
	at org.postgresql.xa.PGXADataSource.getXAConnection(PGXADataSource.java:52)
	at org.postgresql.xa.PGXADataSource.getXAConnection(PGXADataSource.java:37)
	at io.agroal.pool.ConnectionFactory.createConnection(ConnectionFactory.java:231)
	at io.agroal.pool.ConnectionPool$CreateConnectionTask.call(ConnectionPool.java:545)
	at io.agroal.pool.ConnectionPool$CreateConnectionTask.call(ConnectionPool.java:526)
	at java.base/java.util.concurrent.FutureTask.run(FutureTask.java:264)
	at io.agroal.pool.util.PriorityScheduledExecutor.beforeExecute(PriorityScheduledExecutor.java:75)
	at java.base/java.util.concurrent.ThreadPoolExecutor.runWorker(ThreadPoolExecutor.java:1134)
	at java.base/java.util.concurrent.ThreadPoolExecutor$Worker.run(ThreadPoolExecutor.java:635)
	at java.base/java.lang.Thread.run(Thread.java:840)

2025-08-07 19:50:34,726 WARN  [io.agroal.pool] (agroal-11) Datasource '<default>': FATAL: password authentication failed for user "keycloak"
2025-08-07 19:50:34,726 WARN  [org.hibernate.engine.jdbc.spi.SqlExceptionHelper] (Timer-0) SQL Error: 0, SQLState: 28P01
2025-08-07 19:50:34,727 ERROR [org.hibernate.engine.jdbc.spi.SqlExceptionHelper] (Timer-0) FATAL: password authentication failed for user "keycloak"
2025-08-07 19:50:34,727 ERROR [org.keycloak.services.scheduled.ScheduledTaskRunner] (Timer-0) Failed to run scheduled task ClearExpiredAdminEvents: org.hibernate.exception.GenericJDBCException: Unable to acquire JDBC Connection [FATAL: password authentication failed for user "keycloak"] [n/a]
	at org.hibernate.exception.internal.StandardSQLExceptionConverter.convert(StandardSQLExceptionConverter.java:63)
	at org.hibernate.engine.jdbc.spi.SqlExceptionHelper.convert(SqlExceptionHelper.java:108)
	at org.hibernate.engine.jdbc.spi.SqlExceptionHelper.convert(SqlExceptionHelper.java:94)
	at org.hibernate.resource.jdbc.internal.LogicalConnectionManagedImpl.acquireConnectionIfNeeded(LogicalConnectionManagedImpl.java:116)
	at org.hibernate.resource.jdbc.internal.LogicalConnectionManagedImpl.getPhysicalConnection(LogicalConnectionManagedImpl.java:143)
	at org.hibernate.engine.jdbc.internal.StatementPreparerImpl.connection(StatementPreparerImpl.java:54)
	at org.hibernate.engine.jdbc.internal.StatementPreparerImpl$5.doPrepare(StatementPreparerImpl.java:153)
	at org.hibernate.engine.jdbc.internal.StatementPreparerImpl$StatementPreparationTemplate.prepareStatement(StatementPreparerImpl.java:183)
	at org.hibernate.engine.jdbc.internal.StatementPreparerImpl.prepareQueryStatement(StatementPreparerImpl.java:155)
	at org.hibernate.sql.exec.spi.JdbcSelectExecutor.lambda$scroll$1(JdbcSelectExecutor.java:102)
	at org.hibernate.sql.results.jdbc.internal.DeferredResultSetAccess.executeQuery(DeferredResultSetAccess.java:231)
	at org.hibernate.sql.results.jdbc.internal.DeferredResultSetAccess.getResultSet(DeferredResultSetAccess.java:167)
	at org.hibernate.sql.results.jdbc.internal.JdbcValuesResultSetImpl.advanceNext(JdbcValuesResultSetImpl.java:218)
	at org.hibernate.sql.results.jdbc.internal.JdbcValuesResultSetImpl.processNext(JdbcValuesResultSetImpl.java:98)
	at org.hibernate.sql.results.jdbc.internal.AbstractJdbcValues.next(AbstractJdbcValues.java:19)
	at org.hibernate.sql.results.internal.RowProcessingStateStandardImpl.next(RowProcessingStateStandardImpl.java:66)
	at org.hibernate.internal.ScrollableResultsImpl.next(ScrollableResultsImpl.java:51)
	at org.hibernate.query.internal.ScrollableResultsIterator.hasNext(ScrollableResultsIterator.java:33)
	at java.base/java.util.Iterator.forEachRemaining(Iterator.java:132)
	at java.base/java.util.Spliterators$IteratorSpliterator.forEachRemaining(Spliterators.java:1845)
	at java.base/java.util.stream.AbstractPipeline.copyInto(AbstractPipeline.java:509)
	at java.base/java.util.stream.AbstractPipeline.wrapAndCopyInto(AbstractPipeline.java:499)
	at java.base/java.util.stream.ReduceOps$ReduceOp.evaluateSequential(ReduceOps.java:921)
	at java.base/java.util.stream.AbstractPipeline.evaluate(AbstractPipeline.java:234)
	at java.base/java.util.stream.ReferencePipeline.collect(ReferencePipeline.java:682)
	at org.keycloak.events.jpa.JpaEventStoreProvider.clearExpiredAdminEvents(JpaEventStoreProvider.java:265)
	at org.keycloak.events.jpa.JpaEventStoreProviderFactory.invalidate(JpaEventStoreProviderFactory.java:63)
	at org.keycloak.services.DefaultKeycloakSessionFactory.lambda$invalidate$0(DefaultKeycloakSessionFactory.java:367)
	at java.base/java.util.stream.ForEachOps$ForEachOp$OfRef.accept(ForEachOps.java:183)
	at java.base/java.util.stream.ReferencePipeline$3$1.accept(ReferencePipeline.java:197)
	at java.base/java.util.stream.ReferencePipeline$2$1.accept(ReferencePipeline.java:179)
	at java.base/java.util.HashMap$ValueSpliterator.forEachRemaining(HashMap.java:1779)
	at java.base/java.util.stream.ReferencePipeline$Head.forEach(ReferencePipeline.java:762)
	at java.base/java.util.stream.ReferencePipeline$7$1.accept(ReferencePipeline.java:276)
	at java.base/java.util.stream.ReferencePipeline$3$1.accept(ReferencePipeline.java:197)
	at java.base/java.util.HashMap$ValueSpliterator.forEachRemaining(HashMap.java:1779)
	at java.base/java.util.stream.AbstractPipeline.copyInto(AbstractPipeline.java:509)
	at java.base/java.util.stream.AbstractPipeline.wrapAndCopyInto(AbstractPipeline.java:499)
	at java.base/java.util.stream.ForEachOps$ForEachOp.evaluateSequential(ForEachOps.java:150)
	at java.base/java.util.stream.ForEachOps$ForEachOp$OfRef.evaluateSequential(ForEachOps.java:173)
	at java.base/java.util.stream.AbstractPipeline.evaluate(AbstractPipeline.java:234)
	at java.base/java.util.stream.ReferencePipeline.forEach(ReferencePipeline.java:596)
	at org.keycloak.services.DefaultKeycloakSessionFactory.invalidate(DefaultKeycloakSessionFactory.java:367)
	at org.keycloak.services.DefaultKeycloakSession.invalidate(DefaultKeycloakSession.java:108)
	at org.keycloak.services.scheduled.ClearExpiredAdminEvents.run(ClearExpiredAdminEvents.java:33)
	at org.keycloak.services.scheduled.ClusterAwareScheduledTaskRunner$1.call(ClusterAwareScheduledTaskRunner.java:56)
	at org.keycloak.services.scheduled.ClusterAwareScheduledTaskRunner$1.call(ClusterAwareScheduledTaskRunner.java:52)
	at org.keycloak.cluster.infinispan.InfinispanClusterProvider.executeIfNotExecuted(InfinispanClusterProvider.java:78)
	at org.keycloak.services.scheduled.ClusterAwareScheduledTaskRunner.runTask(ClusterAwareScheduledTaskRunner.java:52)
	at org.keycloak.services.scheduled.ScheduledTaskRunner.lambda$run$0(ScheduledTaskRunner.java:59)
	at org.keycloak.models.utils.KeycloakModelUtils.lambda$runJobInTransaction$1(KeycloakModelUtils.java:257)
	at org.keycloak.models.utils.KeycloakModelUtils.runJobInTransactionWithResult(KeycloakModelUtils.java:379)
	at org.keycloak.models.utils.KeycloakModelUtils.runJobInTransaction(KeycloakModelUtils.java:256)
	at org.keycloak.services.scheduled.ScheduledTaskRunner.run(ScheduledTaskRunner.java:53)
	at org.keycloak.timer.basic.BasicTimerProvider$1.run(BasicTimerProvider.java:53)
	at java.base/java.util.TimerThread.mainLoop(Timer.java:566)
	at java.base/java.util.TimerThread.run(Timer.java:516)
Caused by: org.postgresql.util.PSQLException: FATAL: password authentication failed for user "keycloak"
	at org.postgresql.core.v3.ConnectionFactoryImpl.doAuthentication(ConnectionFactoryImpl.java:698)
	at org.postgresql.core.v3.ConnectionFactoryImpl.tryConnect(ConnectionFactoryImpl.java:207)
	at org.postgresql.core.v3.ConnectionFactoryImpl.openConnectionImpl(ConnectionFactoryImpl.java:262)
	at org.postgresql.core.ConnectionFactory.openConnection(ConnectionFactory.java:54)
	at org.postgresql.jdbc.PgConnection.<init>(PgConnection.java:273)
	at org.postgresql.Driver.makeConnection(Driver.java:446)
	at org.postgresql.Driver.connect(Driver.java:298)
	at java.sql/java.sql.DriverManager.getConnection(DriverManager.java:681)
	at java.sql/java.sql.DriverManager.getConnection(DriverManager.java:229)
	at org.postgresql.ds.common.BaseDataSource.getConnection(BaseDataSource.java:104)
	at org.postgresql.xa.PGXADataSource.getXAConnection(PGXADataSource.java:52)
	at org.postgresql.xa.PGXADataSource.getXAConnection(PGXADataSource.java:37)
	at io.agroal.pool.ConnectionFactory.createConnection(ConnectionFactory.java:231)
	at io.agroal.pool.ConnectionPool$CreateConnectionTask.call(ConnectionPool.java:545)
	at io.agroal.pool.ConnectionPool$CreateConnectionTask.call(ConnectionPool.java:526)
	at java.base/java.util.concurrent.FutureTask.run(FutureTask.java:264)
	at io.agroal.pool.util.PriorityScheduledExecutor.beforeExecute(PriorityScheduledExecutor.java:75)
	at java.base/java.util.concurrent.ThreadPoolExecutor.runWorker(ThreadPoolExecutor.java:1134)
	at java.base/java.util.concurrent.ThreadPoolExecutor$Worker.run(ThreadPoolExecutor.java:635)
	at java.base/java.lang.Thread.run(Thread.java:840)

2025-08-07 19:50:34,772 WARN  [io.agroal.pool] (agroal-11) Datasource '<default>': FATAL: password authentication failed for user "keycloak"
2025-08-07 19:50:34,773 WARN  [org.hibernate.engine.jdbc.spi.SqlExceptionHelper] (Timer-0) SQL Error: 0, SQLState: 28P01
2025-08-07 19:50:34,773 ERROR [org.hibernate.engine.jdbc.spi.SqlExceptionHelper] (Timer-0) FATAL: password authentication failed for user "keycloak"
2025-08-07 19:50:34,774 ERROR [org.keycloak.services.scheduled.ScheduledTaskRunner] (Timer-0) Failed to run scheduled task ClearExpiredClientInitialAccessTokens: org.hibernate.exception.GenericJDBCException: Unable to acquire JDBC Connection [FATAL: password authentication failed for user "keycloak"] [n/a]
	at org.hibernate.exception.internal.StandardSQLExceptionConverter.convert(StandardSQLExceptionConverter.java:63)
	at org.hibernate.engine.jdbc.spi.SqlExceptionHelper.convert(SqlExceptionHelper.java:108)
	at org.hibernate.engine.jdbc.spi.SqlExceptionHelper.convert(SqlExceptionHelper.java:94)
	at org.hibernate.resource.jdbc.internal.LogicalConnectionManagedImpl.acquireConnectionIfNeeded(LogicalConnectionManagedImpl.java:116)
	at org.hibernate.resource.jdbc.internal.LogicalConnectionManagedImpl.getPhysicalConnection(LogicalConnectionManagedImpl.java:143)
	at org.hibernate.engine.jdbc.internal.StatementPreparerImpl.connection(StatementPreparerImpl.java:54)
	at org.hibernate.engine.jdbc.internal.StatementPreparerImpl$1.doPrepare(StatementPreparerImpl.java:94)
	at org.hibernate.engine.jdbc.internal.StatementPreparerImpl$StatementPreparationTemplate.prepareStatement(StatementPreparerImpl.java:183)
	at org.hibernate.engine.jdbc.internal.StatementPreparerImpl.prepareStatement(StatementPreparerImpl.java:79)
	at org.hibernate.query.sqm.internal.SimpleDeleteQueryPlan.lambda$executeUpdate$2(SimpleDeleteQueryPlan.java:197)
	at org.hibernate.sql.exec.internal.StandardJdbcMutationExecutor.execute(StandardJdbcMutationExecutor.java:64)
	at org.hibernate.query.sqm.internal.SimpleDeleteQueryPlan.executeUpdate(SimpleDeleteQueryPlan.java:191)
	at org.hibernate.query.sqm.internal.QuerySqmImpl.doExecuteUpdate(QuerySqmImpl.java:705)
	at org.hibernate.query.sqm.internal.QuerySqmImpl.executeUpdate(QuerySqmImpl.java:675)
	at org.keycloak.models.jpa.JpaRealmProvider.removeExpiredClientInitialAccess(JpaRealmProvider.java:1167)
	at org.keycloak.models.cache.infinispan.RealmCacheSession.removeExpiredClientInitialAccess(RealmCacheSession.java:1483)
	at org.keycloak.services.scheduled.ClearExpiredClientInitialAccessTokens.run(ClearExpiredClientInitialAccessTokens.java:30)
	at org.keycloak.services.scheduled.ClusterAwareScheduledTaskRunner$1.call(ClusterAwareScheduledTaskRunner.java:56)
	at org.keycloak.services.scheduled.ClusterAwareScheduledTaskRunner$1.call(ClusterAwareScheduledTaskRunner.java:52)
	at org.keycloak.cluster.infinispan.InfinispanClusterProvider.executeIfNotExecuted(InfinispanClusterProvider.java:78)
	at org.keycloak.services.scheduled.ClusterAwareScheduledTaskRunner.runTask(ClusterAwareScheduledTaskRunner.java:52)
	at org.keycloak.services.scheduled.ScheduledTaskRunner.lambda$run$0(ScheduledTaskRunner.java:59)
	at org.keycloak.models.utils.KeycloakModelUtils.lambda$runJobInTransaction$1(KeycloakModelUtils.java:257)
	at org.keycloak.models.utils.KeycloakModelUtils.runJobInTransactionWithResult(KeycloakModelUtils.java:379)
	at org.keycloak.models.utils.KeycloakModelUtils.runJobInTransaction(KeycloakModelUtils.java:256)
	at org.keycloak.services.scheduled.ScheduledTaskRunner.run(ScheduledTaskRunner.java:53)
	at org.keycloak.timer.basic.BasicTimerProvider$1.run(BasicTimerProvider.java:53)
	at java.base/java.util.TimerThread.mainLoop(Timer.java:566)
	at java.base/java.util.TimerThread.run(Timer.java:516)
Caused by: org.postgresql.util.PSQLException: FATAL: password authentication failed for user "keycloak"
	at org.postgresql.core.v3.ConnectionFactoryImpl.doAuthentication(ConnectionFactoryImpl.java:698)
	at org.postgresql.core.v3.ConnectionFactoryImpl.tryConnect(ConnectionFactoryImpl.java:207)
	at org.postgresql.core.v3.ConnectionFactoryImpl.openConnectionImpl(ConnectionFactoryImpl.java:262)
	at org.postgresql.core.ConnectionFactory.openConnection(ConnectionFactory.java:54)
	at org.postgresql.jdbc.PgConnection.<init>(PgConnection.java:273)
	at org.postgresql.Driver.makeConnection(Driver.java:446)
	at org.postgresql.Driver.connect(Driver.java:298)
	at java.sql/java.sql.DriverManager.getConnection(DriverManager.java:681)
	at java.sql/java.sql.DriverManager.getConnection(DriverManager.java:229)
	at org.postgresql.ds.common.BaseDataSource.getConnection(BaseDataSource.java:104)
	at org.postgresql.xa.PGXADataSource.getXAConnection(PGXADataSource.java:52)
	at org.postgresql.xa.PGXADataSource.getXAConnection(PGXADataSource.java:37)
	at io.agroal.pool.ConnectionFactory.createConnection(ConnectionFactory.java:231)
	at io.agroal.pool.ConnectionPool$CreateConnectionTask.call(ConnectionPool.java:545)
	at io.agroal.pool.ConnectionPool$CreateConnectionTask.call(ConnectionPool.java:526)
	at java.base/java.util.concurrent.FutureTask.run(FutureTask.java:264)
	at io.agroal.pool.util.PriorityScheduledExecutor.beforeExecute(PriorityScheduledExecutor.java:75)
	at java.base/java.util.concurrent.ThreadPoolExecutor.runWorker(ThreadPoolExecutor.java:1134)
	at java.base/java.util.concurrent.ThreadPoolExecutor$Worker.run(ThreadPoolExecutor.java:635)
	at java.base/java.lang.Thread.run(Thread.java:840)

2025-08-07 20:05:34,627 WARN  [io.agroal.pool] (agroal-11) Datasource '<default>': FATAL: password authentication failed for user "keycloak"
2025-08-07 20:05:34,627 WARN  [org.hibernate.engine.jdbc.spi.SqlExceptionHelper] (Timer-0) SQL Error: 0, SQLState: 28P01
2025-08-07 20:05:34,628 ERROR [org.hibernate.engine.jdbc.spi.SqlExceptionHelper] (Timer-0) FATAL: password authentication failed for user "keycloak"
2025-08-07 20:05:34,629 ERROR [org.keycloak.services.scheduled.ScheduledTaskRunner] (Timer-0) Failed to run scheduled task ClearExpiredEvents: org.hibernate.exception.GenericJDBCException: Unable to acquire JDBC Connection [FATAL: password authentication failed for user "keycloak"] [n/a]
	at org.hibernate.exception.internal.StandardSQLExceptionConverter.convert(StandardSQLExceptionConverter.java:63)
	at org.hibernate.engine.jdbc.spi.SqlExceptionHelper.convert(SqlExceptionHelper.java:108)
	at org.hibernate.engine.jdbc.spi.SqlExceptionHelper.convert(SqlExceptionHelper.java:94)
	at org.hibernate.resource.jdbc.internal.LogicalConnectionManagedImpl.acquireConnectionIfNeeded(LogicalConnectionManagedImpl.java:116)
	at org.hibernate.resource.jdbc.internal.LogicalConnectionManagedImpl.getPhysicalConnection(LogicalConnectionManagedImpl.java:143)
	at org.hibernate.engine.jdbc.internal.StatementPreparerImpl.connection(StatementPreparerImpl.java:54)
	at org.hibernate.engine.jdbc.internal.StatementPreparerImpl$5.doPrepare(StatementPreparerImpl.java:153)
	at org.hibernate.engine.jdbc.internal.StatementPreparerImpl$StatementPreparationTemplate.prepareStatement(StatementPreparerImpl.java:183)
	at org.hibernate.engine.jdbc.internal.StatementPreparerImpl.prepareQueryStatement(StatementPreparerImpl.java:155)
	at org.hibernate.sql.exec.spi.JdbcSelectExecutor.lambda$list$0(JdbcSelectExecutor.java:85)
	at org.hibernate.sql.results.jdbc.internal.DeferredResultSetAccess.executeQuery(DeferredResultSetAccess.java:231)
	at org.hibernate.sql.results.jdbc.internal.DeferredResultSetAccess.getResultSet(DeferredResultSetAccess.java:167)
	at org.hibernate.sql.results.jdbc.internal.JdbcValuesResultSetImpl.advanceNext(JdbcValuesResultSetImpl.java:218)
	at org.hibernate.sql.results.jdbc.internal.JdbcValuesResultSetImpl.processNext(JdbcValuesResultSetImpl.java:98)
	at org.hibernate.sql.results.jdbc.internal.AbstractJdbcValues.next(AbstractJdbcValues.java:19)
	at org.hibernate.sql.results.internal.RowProcessingStateStandardImpl.next(RowProcessingStateStandardImpl.java:66)
	at org.hibernate.sql.results.spi.ListResultsConsumer.consume(ListResultsConsumer.java:202)
	at org.hibernate.sql.results.spi.ListResultsConsumer.consume(ListResultsConsumer.java:33)
	at org.hibernate.sql.exec.internal.JdbcSelectExecutorStandardImpl.doExecuteQuery(JdbcSelectExecutorStandardImpl.java:209)
	at org.hibernate.sql.exec.internal.JdbcSelectExecutorStandardImpl.executeQuery(JdbcSelectExecutorStandardImpl.java:83)
	at org.hibernate.sql.exec.spi.JdbcSelectExecutor.list(JdbcSelectExecutor.java:76)
	at org.hibernate.sql.exec.spi.JdbcSelectExecutor.list(JdbcSelectExecutor.java:65)
	at org.hibernate.query.sqm.internal.ConcreteSqmSelectQueryPlan.lambda$new$2(ConcreteSqmSelectQueryPlan.java:137)
	at org.hibernate.query.sqm.internal.ConcreteSqmSelectQueryPlan.withCacheableSqmInterpretation(ConcreteSqmSelectQueryPlan.java:362)
	at org.hibernate.query.sqm.internal.ConcreteSqmSelectQueryPlan.performList(ConcreteSqmSelectQueryPlan.java:303)
	at org.hibernate.query.sqm.internal.QuerySqmImpl.doList(QuerySqmImpl.java:509)
	at org.hibernate.query.spi.AbstractSelectionQuery.list(AbstractSelectionQuery.java:427)
	at org.hibernate.query.Query.getResultList(Query.java:120)
	at org.keycloak.events.jpa.JpaEventStoreProvider.clearExpiredEvents(JpaEventStoreProvider.java:94)
	at org.keycloak.services.scheduled.ClearExpiredEvents.run(ClearExpiredEvents.java:39)
	at org.keycloak.services.scheduled.ClusterAwareScheduledTaskRunner$1.call(ClusterAwareScheduledTaskRunner.java:56)
	at org.keycloak.services.scheduled.ClusterAwareScheduledTaskRunner$1.call(ClusterAwareScheduledTaskRunner.java:52)
	at org.keycloak.cluster.infinispan.InfinispanClusterProvider.executeIfNotExecuted(InfinispanClusterProvider.java:78)
	at org.keycloak.services.scheduled.ClusterAwareScheduledTaskRunner.runTask(ClusterAwareScheduledTaskRunner.java:52)
	at org.keycloak.services.scheduled.ScheduledTaskRunner.lambda$run$0(ScheduledTaskRunner.java:59)
	at org.keycloak.models.utils.KeycloakModelUtils.lambda$runJobInTransaction$1(KeycloakModelUtils.java:257)
	at org.keycloak.models.utils.KeycloakModelUtils.runJobInTransactionWithResult(KeycloakModelUtils.java:379)
	at org.keycloak.models.utils.KeycloakModelUtils.runJobInTransaction(KeycloakModelUtils.java:256)
	at org.keycloak.services.scheduled.ScheduledTaskRunner.run(ScheduledTaskRunner.java:53)
	at org.keycloak.timer.basic.BasicTimerProvider$1.run(BasicTimerProvider.java:53)
	at java.base/java.util.TimerThread.mainLoop(Timer.java:566)
	at java.base/java.util.TimerThread.run(Timer.java:516)
Caused by: org.postgresql.util.PSQLException: FATAL: password authentication failed for user "keycloak"
	at org.postgresql.core.v3.ConnectionFactoryImpl.doAuthentication(ConnectionFactoryImpl.java:698)
	at org.postgresql.core.v3.ConnectionFactoryImpl.tryConnect(ConnectionFactoryImpl.java:207)
	at org.postgresql.core.v3.ConnectionFactoryImpl.openConnectionImpl(ConnectionFactoryImpl.java:262)
	at org.postgresql.core.ConnectionFactory.openConnection(ConnectionFactory.java:54)
	at org.postgresql.jdbc.PgConnection.<init>(PgConnection.java:273)
	at org.postgresql.Driver.makeConnection(Driver.java:446)
	at org.postgresql.Driver.connect(Driver.java:298)
	at java.sql/java.sql.DriverManager.getConnection(DriverManager.java:681)
	at java.sql/java.sql.DriverManager.getConnection(DriverManager.java:229)
	at org.postgresql.ds.common.BaseDataSource.getConnection(BaseDataSource.java:104)
	at org.postgresql.xa.PGXADataSource.getXAConnection(PGXADataSource.java:52)
	at org.postgresql.xa.PGXADataSource.getXAConnection(PGXADataSource.java:37)
	at io.agroal.pool.ConnectionFactory.createConnection(ConnectionFactory.java:231)
	at io.agroal.pool.ConnectionPool$CreateConnectionTask.call(ConnectionPool.java:545)
	at io.agroal.pool.ConnectionPool$CreateConnectionTask.call(ConnectionPool.java:526)
	at java.base/java.util.concurrent.FutureTask.run(FutureTask.java:264)
	at io.agroal.pool.util.PriorityScheduledExecutor.beforeExecute(PriorityScheduledExecutor.java:75)
	at java.base/java.util.concurrent.ThreadPoolExecutor.runWorker(ThreadPoolExecutor.java:1134)
	at java.base/java.util.concurrent.ThreadPoolExecutor$Worker.run(ThreadPoolExecutor.java:635)
	at java.base/java.lang.Thread.run(Thread.java:840)

2025-08-07 20:05:34,681 WARN  [io.agroal.pool] (agroal-11) Datasource '<default>': FATAL: password authentication failed for user "keycloak"
2025-08-07 20:05:34,682 WARN  [org.hibernate.engine.jdbc.spi.SqlExceptionHelper] (Timer-0) SQL Error: 0, SQLState: 28P01
2025-08-07 20:05:34,682 ERROR [org.hibernate.engine.jdbc.spi.SqlExceptionHelper] (Timer-0) FATAL: password authentication failed for user "keycloak"
2025-08-07 20:05:34,683 ERROR [org.keycloak.services.scheduled.ScheduledTaskRunner] (Timer-0) Failed to run scheduled task ClearExpiredUserSessions: org.hibernate.exception.GenericJDBCException: Unable to acquire JDBC Connection [FATAL: password authentication failed for user "keycloak"] [n/a]
	at org.hibernate.exception.internal.StandardSQLExceptionConverter.convert(StandardSQLExceptionConverter.java:63)
	at org.hibernate.engine.jdbc.spi.SqlExceptionHelper.convert(SqlExceptionHelper.java:108)
	at org.hibernate.engine.jdbc.spi.SqlExceptionHelper.convert(SqlExceptionHelper.java:94)
	at org.hibernate.resource.jdbc.internal.LogicalConnectionManagedImpl.acquireConnectionIfNeeded(LogicalConnectionManagedImpl.java:116)
	at org.hibernate.resource.jdbc.internal.LogicalConnectionManagedImpl.getPhysicalConnection(LogicalConnectionManagedImpl.java:143)
	at org.hibernate.engine.jdbc.internal.StatementPreparerImpl.connection(StatementPreparerImpl.java:54)
	at org.hibernate.engine.jdbc.internal.StatementPreparerImpl$5.doPrepare(StatementPreparerImpl.java:153)
	at org.hibernate.engine.jdbc.internal.StatementPreparerImpl$StatementPreparationTemplate.prepareStatement(StatementPreparerImpl.java:183)
	at org.hibernate.engine.jdbc.internal.StatementPreparerImpl.prepareQueryStatement(StatementPreparerImpl.java:155)
	at org.hibernate.sql.exec.spi.JdbcSelectExecutor.lambda$scroll$1(JdbcSelectExecutor.java:102)
	at org.hibernate.sql.results.jdbc.internal.DeferredResultSetAccess.executeQuery(DeferredResultSetAccess.java:231)
	at org.hibernate.sql.results.jdbc.internal.DeferredResultSetAccess.getResultSet(DeferredResultSetAccess.java:167)
	at org.hibernate.sql.results.jdbc.internal.JdbcValuesResultSetImpl.advanceNext(JdbcValuesResultSetImpl.java:218)
	at org.hibernate.sql.results.jdbc.internal.JdbcValuesResultSetImpl.processNext(JdbcValuesResultSetImpl.java:98)
	at org.hibernate.sql.results.jdbc.internal.AbstractJdbcValues.next(AbstractJdbcValues.java:19)
	at org.hibernate.sql.results.internal.RowProcessingStateStandardImpl.next(RowProcessingStateStandardImpl.java:66)
	at org.hibernate.internal.ScrollableResultsImpl.next(ScrollableResultsImpl.java:51)
	at org.hibernate.query.internal.ScrollableResultsIterator.hasNext(ScrollableResultsIterator.java:33)
	at java.base/java.util.Iterator.forEachRemaining(Iterator.java:132)
	at java.base/java.util.Spliterators$IteratorSpliterator.forEachRemaining(Spliterators.java:1845)
	at java.base/java.util.stream.AbstractPipeline.copyInto(AbstractPipeline.java:509)
	at java.base/java.util.stream.AbstractPipeline.wrapAndCopyInto(AbstractPipeline.java:499)
	at java.base/java.util.stream.ForEachOps$ForEachOp.evaluateSequential(ForEachOps.java:150)
	at java.base/java.util.stream.ForEachOps$ForEachOp$OfRef.evaluateSequential(ForEachOps.java:173)
	at java.base/java.util.stream.AbstractPipeline.evaluate(AbstractPipeline.java:234)
	at java.base/java.util.stream.ReferencePipeline.forEach(ReferencePipeline.java:596)
	at org.keycloak.utils.ClosingStream.forEach(ClosingStream.java:128)
	at org.keycloak.models.sessions.infinispan.InfinispanUserSessionProvider.removeAllExpired(InfinispanUserSessionProvider.java:630)
	at org.keycloak.services.scheduled.ClearExpiredUserSessions.run(ClearExpiredUserSessions.java:39)
	at org.keycloak.services.scheduled.ClusterAwareScheduledTaskRunner$1.call(ClusterAwareScheduledTaskRunner.java:56)
	at org.keycloak.services.scheduled.ClusterAwareScheduledTaskRunner$1.call(ClusterAwareScheduledTaskRunner.java:52)
	at org.keycloak.cluster.infinispan.InfinispanClusterProvider.executeIfNotExecuted(InfinispanClusterProvider.java:78)
	at org.keycloak.services.scheduled.ClusterAwareScheduledTaskRunner.runTask(ClusterAwareScheduledTaskRunner.java:52)
	at org.keycloak.services.scheduled.ScheduledTaskRunner.lambda$run$0(ScheduledTaskRunner.java:59)
	at org.keycloak.models.utils.KeycloakModelUtils.lambda$runJobInTransaction$1(KeycloakModelUtils.java:257)
	at org.keycloak.models.utils.KeycloakModelUtils.runJobInTransactionWithResult(KeycloakModelUtils.java:379)
	at org.keycloak.models.utils.KeycloakModelUtils.runJobInTransaction(KeycloakModelUtils.java:256)
	at org.keycloak.services.scheduled.ScheduledTaskRunner.run(ScheduledTaskRunner.java:53)
	at org.keycloak.timer.basic.BasicTimerProvider$1.run(BasicTimerProvider.java:53)
	at java.base/java.util.TimerThread.mainLoop(Timer.java:566)
	at java.base/java.util.TimerThread.run(Timer.java:516)
Caused by: org.postgresql.util.PSQLException: FATAL: password authentication failed for user "keycloak"
	at org.postgresql.core.v3.ConnectionFactoryImpl.doAuthentication(ConnectionFactoryImpl.java:698)
	at org.postgresql.core.v3.ConnectionFactoryImpl.tryConnect(ConnectionFactoryImpl.java:207)
	at org.postgresql.core.v3.ConnectionFactoryImpl.openConnectionImpl(ConnectionFactoryImpl.java:262)
	at org.postgresql.core.ConnectionFactory.openConnection(ConnectionFactory.java:54)
	at org.postgresql.jdbc.PgConnection.<init>(PgConnection.java:273)
	at org.postgresql.Driver.makeConnection(Driver.java:446)
	at org.postgresql.Driver.connect(Driver.java:298)
	at java.sql/java.sql.DriverManager.getConnection(DriverManager.java:681)
	at java.sql/java.sql.DriverManager.getConnection(DriverManager.java:229)
	at org.postgresql.ds.common.BaseDataSource.getConnection(BaseDataSource.java:104)
	at org.postgresql.xa.PGXADataSource.getXAConnection(PGXADataSource.java:52)
	at org.postgresql.xa.PGXADataSource.getXAConnection(PGXADataSource.java:37)
	at io.agroal.pool.ConnectionFactory.createConnection(ConnectionFactory.java:231)
	at io.agroal.pool.ConnectionPool$CreateConnectionTask.call(ConnectionPool.java:545)
	at io.agroal.pool.ConnectionPool$CreateConnectionTask.call(ConnectionPool.java:526)
	at java.base/java.util.concurrent.FutureTask.run(FutureTask.java:264)
	at io.agroal.pool.util.PriorityScheduledExecutor.beforeExecute(PriorityScheduledExecutor.java:75)
	at java.base/java.util.concurrent.ThreadPoolExecutor.runWorker(ThreadPoolExecutor.java:1134)
	at java.base/java.util.concurrent.ThreadPoolExecutor$Worker.run(ThreadPoolExecutor.java:635)
	at java.base/java.lang.Thread.run(Thread.java:840)

2025-08-07 20:05:34,726 WARN  [io.agroal.pool] (agroal-11) Datasource '<default>': FATAL: password authentication failed for user "keycloak"
2025-08-07 20:05:34,726 WARN  [org.hibernate.engine.jdbc.spi.SqlExceptionHelper] (Timer-0) SQL Error: 0, SQLState: 28P01
2025-08-07 20:05:34,727 ERROR [org.hibernate.engine.jdbc.spi.SqlExceptionHelper] (Timer-0) FATAL: password authentication failed for user "keycloak"
2025-08-07 20:05:34,727 ERROR [org.keycloak.services.scheduled.ScheduledTaskRunner] (Timer-0) Failed to run scheduled task ClearExpiredAdminEvents: org.hibernate.exception.GenericJDBCException: Unable to acquire JDBC Connection [FATAL: password authentication failed for user "keycloak"] [n/a]
	at org.hibernate.exception.internal.StandardSQLExceptionConverter.convert(StandardSQLExceptionConverter.java:63)
	at org.hibernate.engine.jdbc.spi.SqlExceptionHelper.convert(SqlExceptionHelper.java:108)
	at org.hibernate.engine.jdbc.spi.SqlExceptionHelper.convert(SqlExceptionHelper.java:94)
	at org.hibernate.resource.jdbc.internal.LogicalConnectionManagedImpl.acquireConnectionIfNeeded(LogicalConnectionManagedImpl.java:116)
	at org.hibernate.resource.jdbc.internal.LogicalConnectionManagedImpl.getPhysicalConnection(LogicalConnectionManagedImpl.java:143)
	at org.hibernate.engine.jdbc.internal.StatementPreparerImpl.connection(StatementPreparerImpl.java:54)
	at org.hibernate.engine.jdbc.internal.StatementPreparerImpl$5.doPrepare(StatementPreparerImpl.java:153)
	at org.hibernate.engine.jdbc.internal.StatementPreparerImpl$StatementPreparationTemplate.prepareStatement(StatementPreparerImpl.java:183)
	at org.hibernate.engine.jdbc.internal.StatementPreparerImpl.prepareQueryStatement(StatementPreparerImpl.java:155)
	at org.hibernate.sql.exec.spi.JdbcSelectExecutor.lambda$scroll$1(JdbcSelectExecutor.java:102)
	at org.hibernate.sql.results.jdbc.internal.DeferredResultSetAccess.executeQuery(DeferredResultSetAccess.java:231)
	at org.hibernate.sql.results.jdbc.internal.DeferredResultSetAccess.getResultSet(DeferredResultSetAccess.java:167)
	at org.hibernate.sql.results.jdbc.internal.JdbcValuesResultSetImpl.advanceNext(JdbcValuesResultSetImpl.java:218)
	at org.hibernate.sql.results.jdbc.internal.JdbcValuesResultSetImpl.processNext(JdbcValuesResultSetImpl.java:98)
	at org.hibernate.sql.results.jdbc.internal.AbstractJdbcValues.next(AbstractJdbcValues.java:19)
	at org.hibernate.sql.results.internal.RowProcessingStateStandardImpl.next(RowProcessingStateStandardImpl.java:66)
	at org.hibernate.internal.ScrollableResultsImpl.next(ScrollableResultsImpl.java:51)
	at org.hibernate.query.internal.ScrollableResultsIterator.hasNext(ScrollableResultsIterator.java:33)
	at java.base/java.util.Iterator.forEachRemaining(Iterator.java:132)
	at java.base/java.util.Spliterators$IteratorSpliterator.forEachRemaining(Spliterators.java:1845)
	at java.base/java.util.stream.AbstractPipeline.copyInto(AbstractPipeline.java:509)
	at java.base/java.util.stream.AbstractPipeline.wrapAndCopyInto(AbstractPipeline.java:499)
	at java.base/java.util.stream.ReduceOps$ReduceOp.evaluateSequential(ReduceOps.java:921)
	at java.base/java.util.stream.AbstractPipeline.evaluate(AbstractPipeline.java:234)
	at java.base/java.util.stream.ReferencePipeline.collect(ReferencePipeline.java:682)
	at org.keycloak.events.jpa.JpaEventStoreProvider.clearExpiredAdminEvents(JpaEventStoreProvider.java:265)
	at org.keycloak.events.jpa.JpaEventStoreProviderFactory.invalidate(JpaEventStoreProviderFactory.java:63)
	at org.keycloak.services.DefaultKeycloakSessionFactory.lambda$invalidate$0(DefaultKeycloakSessionFactory.java:367)
	at java.base/java.util.stream.ForEachOps$ForEachOp$OfRef.accept(ForEachOps.java:183)
	at java.base/java.util.stream.ReferencePipeline$3$1.accept(ReferencePipeline.java:197)
	at java.base/java.util.stream.ReferencePipeline$2$1.accept(ReferencePipeline.java:179)
	at java.base/java.util.HashMap$ValueSpliterator.forEachRemaining(HashMap.java:1779)
	at java.base/java.util.stream.ReferencePipeline$Head.forEach(ReferencePipeline.java:762)
	at java.base/java.util.stream.ReferencePipeline$7$1.accept(ReferencePipeline.java:276)
	at java.base/java.util.stream.ReferencePipeline$3$1.accept(ReferencePipeline.java:197)
	at java.base/java.util.HashMap$ValueSpliterator.forEachRemaining(HashMap.java:1779)
	at java.base/java.util.stream.AbstractPipeline.copyInto(AbstractPipeline.java:509)
	at java.base/java.util.stream.AbstractPipeline.wrapAndCopyInto(AbstractPipeline.java:499)
	at java.base/java.util.stream.ForEachOps$ForEachOp.evaluateSequential(ForEachOps.java:150)
	at java.base/java.util.stream.ForEachOps$ForEachOp$OfRef.evaluateSequential(ForEachOps.java:173)
	at java.base/java.util.stream.AbstractPipeline.evaluate(AbstractPipeline.java:234)
	at java.base/java.util.stream.ReferencePipeline.forEach(ReferencePipeline.java:596)
	at org.keycloak.services.DefaultKeycloakSessionFactory.invalidate(DefaultKeycloakSessionFactory.java:367)
	at org.keycloak.services.DefaultKeycloakSession.invalidate(DefaultKeycloakSession.java:108)
	at org.keycloak.services.scheduled.ClearExpiredAdminEvents.run(ClearExpiredAdminEvents.java:33)
	at org.keycloak.services.scheduled.ClusterAwareScheduledTaskRunner$1.call(ClusterAwareScheduledTaskRunner.java:56)
	at org.keycloak.services.scheduled.ClusterAwareScheduledTaskRunner$1.call(ClusterAwareScheduledTaskRunner.java:52)
	at org.keycloak.cluster.infinispan.InfinispanClusterProvider.executeIfNotExecuted(InfinispanClusterProvider.java:78)
	at org.keycloak.services.scheduled.ClusterAwareScheduledTaskRunner.runTask(ClusterAwareScheduledTaskRunner.java:52)
	at org.keycloak.services.scheduled.ScheduledTaskRunner.lambda$run$0(ScheduledTaskRunner.java:59)
	at org.keycloak.models.utils.KeycloakModelUtils.lambda$runJobInTransaction$1(KeycloakModelUtils.java:257)
	at org.keycloak.models.utils.KeycloakModelUtils.runJobInTransactionWithResult(KeycloakModelUtils.java:379)
	at org.keycloak.models.utils.KeycloakModelUtils.runJobInTransaction(KeycloakModelUtils.java:256)
	at org.keycloak.services.scheduled.ScheduledTaskRunner.run(ScheduledTaskRunner.java:53)
	at org.keycloak.timer.basic.BasicTimerProvider$1.run(BasicTimerProvider.java:53)
	at java.base/java.util.TimerThread.mainLoop(Timer.java:566)
	at java.base/java.util.TimerThread.run(Timer.java:516)
Caused by: org.postgresql.util.PSQLException: FATAL: password authentication failed for user "keycloak"
	at org.postgresql.core.v3.ConnectionFactoryImpl.doAuthentication(ConnectionFactoryImpl.java:698)
	at org.postgresql.core.v3.ConnectionFactoryImpl.tryConnect(ConnectionFactoryImpl.java:207)
	at org.postgresql.core.v3.ConnectionFactoryImpl.openConnectionImpl(ConnectionFactoryImpl.java:262)
	at org.postgresql.core.ConnectionFactory.openConnection(ConnectionFactory.java:54)
	at org.postgresql.jdbc.PgConnection.<init>(PgConnection.java:273)
	at org.postgresql.Driver.makeConnection(Driver.java:446)
	at org.postgresql.Driver.connect(Driver.java:298)
	at java.sql/java.sql.DriverManager.getConnection(DriverManager.java:681)
	at java.sql/java.sql.DriverManager.getConnection(DriverManager.java:229)
	at org.postgresql.ds.common.BaseDataSource.getConnection(BaseDataSource.java:104)
	at org.postgresql.xa.PGXADataSource.getXAConnection(PGXADataSource.java:52)
	at org.postgresql.xa.PGXADataSource.getXAConnection(PGXADataSource.java:37)
	at io.agroal.pool.ConnectionFactory.createConnection(ConnectionFactory.java:231)
	at io.agroal.pool.ConnectionPool$CreateConnectionTask.call(ConnectionPool.java:545)
	at io.agroal.pool.ConnectionPool$CreateConnectionTask.call(ConnectionPool.java:526)
	at java.base/java.util.concurrent.FutureTask.run(FutureTask.java:264)
	at io.agroal.pool.util.PriorityScheduledExecutor.beforeExecute(PriorityScheduledExecutor.java:75)
	at java.base/java.util.concurrent.ThreadPoolExecutor.runWorker(ThreadPoolExecutor.java:1134)
	at java.base/java.util.concurrent.ThreadPoolExecutor$Worker.run(ThreadPoolExecutor.java:635)
	at java.base/java.lang.Thread.run(Thread.java:840)

2025-08-07 20:05:34,772 WARN  [io.agroal.pool] (agroal-11) Datasource '<default>': FATAL: password authentication failed for user "keycloak"
2025-08-07 20:05:34,773 WARN  [org.hibernate.engine.jdbc.spi.SqlExceptionHelper] (Timer-0) SQL Error: 0, SQLState: 28P01
2025-08-07 20:05:34,773 ERROR [org.hibernate.engine.jdbc.spi.SqlExceptionHelper] (Timer-0) FATAL: password authentication failed for user "keycloak"
2025-08-07 20:05:34,774 ERROR [org.keycloak.services.scheduled.ScheduledTaskRunner] (Timer-0) Failed to run scheduled task ClearExpiredClientInitialAccessTokens: org.hibernate.exception.GenericJDBCException: Unable to acquire JDBC Connection [FATAL: password authentication failed for user "keycloak"] [n/a]
	at org.hibernate.exception.internal.StandardSQLExceptionConverter.convert(StandardSQLExceptionConverter.java:63)
	at org.hibernate.engine.jdbc.spi.SqlExceptionHelper.convert(SqlExceptionHelper.java:108)
	at org.hibernate.engine.jdbc.spi.SqlExceptionHelper.convert(SqlExceptionHelper.java:94)
	at org.hibernate.resource.jdbc.internal.LogicalConnectionManagedImpl.acquireConnectionIfNeeded(LogicalConnectionManagedImpl.java:116)
	at org.hibernate.resource.jdbc.internal.LogicalConnectionManagedImpl.getPhysicalConnection(LogicalConnectionManagedImpl.java:143)
	at org.hibernate.engine.jdbc.internal.StatementPreparerImpl.connection(StatementPreparerImpl.java:54)
	at org.hibernate.engine.jdbc.internal.StatementPreparerImpl$1.doPrepare(StatementPreparerImpl.java:94)
	at org.hibernate.engine.jdbc.internal.StatementPreparerImpl$StatementPreparationTemplate.prepareStatement(StatementPreparerImpl.java:183)
	at org.hibernate.engine.jdbc.internal.StatementPreparerImpl.prepareStatement(StatementPreparerImpl.java:79)
	at org.hibernate.query.sqm.internal.SimpleDeleteQueryPlan.lambda$executeUpdate$2(SimpleDeleteQueryPlan.java:197)
	at org.hibernate.sql.exec.internal.StandardJdbcMutationExecutor.execute(StandardJdbcMutationExecutor.java:64)
	at org.hibernate.query.sqm.internal.SimpleDeleteQueryPlan.executeUpdate(SimpleDeleteQueryPlan.java:191)
	at org.hibernate.query.sqm.internal.QuerySqmImpl.doExecuteUpdate(QuerySqmImpl.java:705)
	at org.hibernate.query.sqm.internal.QuerySqmImpl.executeUpdate(QuerySqmImpl.java:675)
	at org.keycloak.models.jpa.JpaRealmProvider.removeExpiredClientInitialAccess(JpaRealmProvider.java:1167)
	at org.keycloak.models.cache.infinispan.RealmCacheSession.removeExpiredClientInitialAccess(RealmCacheSession.java:1483)
	at org.keycloak.services.scheduled.ClearExpiredClientInitialAccessTokens.run(ClearExpiredClientInitialAccessTokens.java:30)
	at org.keycloak.services.scheduled.ClusterAwareScheduledTaskRunner$1.call(ClusterAwareScheduledTaskRunner.java:56)
	at org.keycloak.services.scheduled.ClusterAwareScheduledTaskRunner$1.call(ClusterAwareScheduledTaskRunner.java:52)
	at org.keycloak.cluster.infinispan.InfinispanClusterProvider.executeIfNotExecuted(InfinispanClusterProvider.java:78)
	at org.keycloak.services.scheduled.ClusterAwareScheduledTaskRunner.runTask(ClusterAwareScheduledTaskRunner.java:52)
	at org.keycloak.services.scheduled.ScheduledTaskRunner.lambda$run$0(ScheduledTaskRunner.java:59)
	at org.keycloak.models.utils.KeycloakModelUtils.lambda$runJobInTransaction$1(KeycloakModelUtils.java:257)
	at org.keycloak.models.utils.KeycloakModelUtils.runJobInTransactionWithResult(KeycloakModelUtils.java:379)
	at org.keycloak.models.utils.KeycloakModelUtils.runJobInTransaction(KeycloakModelUtils.java:256)
	at org.keycloak.services.scheduled.ScheduledTaskRunner.run(ScheduledTaskRunner.java:53)
	at org.keycloak.timer.basic.BasicTimerProvider$1.run(BasicTimerProvider.java:53)
	at java.base/java.util.TimerThread.mainLoop(Timer.java:566)
	at java.base/java.util.TimerThread.run(Timer.java:516)
Caused by: org.postgresql.util.PSQLException: FATAL: password authentication failed for user "keycloak"
	at org.postgresql.core.v3.ConnectionFactoryImpl.doAuthentication(ConnectionFactoryImpl.java:698)
	at org.postgresql.core.v3.ConnectionFactoryImpl.tryConnect(ConnectionFactoryImpl.java:207)
	at org.postgresql.core.v3.ConnectionFactoryImpl.openConnectionImpl(ConnectionFactoryImpl.java:262)
	at org.postgresql.core.ConnectionFactory.openConnection(ConnectionFactory.java:54)
	at org.postgresql.jdbc.PgConnection.<init>(PgConnection.java:273)
	at org.postgresql.Driver.makeConnection(Driver.java:446)
	at org.postgresql.Driver.connect(Driver.java:298)
	at java.sql/java.sql.DriverManager.getConnection(DriverManager.java:681)
	at java.sql/java.sql.DriverManager.getConnection(DriverManager.java:229)
	at org.postgresql.ds.common.BaseDataSource.getConnection(BaseDataSource.java:104)
	at org.postgresql.xa.PGXADataSource.getXAConnection(PGXADataSource.java:52)
	at org.postgresql.xa.PGXADataSource.getXAConnection(PGXADataSource.java:37)
	at io.agroal.pool.ConnectionFactory.createConnection(ConnectionFactory.java:231)
	at io.agroal.pool.ConnectionPool$CreateConnectionTask.call(ConnectionPool.java:545)
	at io.agroal.pool.ConnectionPool$CreateConnectionTask.call(ConnectionPool.java:526)
	at java.base/java.util.concurrent.FutureTask.run(FutureTask.java:264)
	at io.agroal.pool.util.PriorityScheduledExecutor.beforeExecute(PriorityScheduledExecutor.java:75)
	at java.base/java.util.concurrent.ThreadPoolExecutor.runWorker(ThreadPoolExecutor.java:1134)
	at java.base/java.util.concurrent.ThreadPoolExecutor$Worker.run(ThreadPoolExecutor.java:635)
	at java.base/java.lang.Thread.run(Thread.java:840)

2025-08-07 20:20:34,625 WARN  [io.agroal.pool] (agroal-11) Datasource '<default>': FATAL: password authentication failed for user "keycloak"
2025-08-07 20:20:34,626 WARN  [org.hibernate.engine.jdbc.spi.SqlExceptionHelper] (Timer-0) SQL Error: 0, SQLState: 28P01
2025-08-07 20:20:34,626 ERROR [org.hibernate.engine.jdbc.spi.SqlExceptionHelper] (Timer-0) FATAL: password authentication failed for user "keycloak"
2025-08-07 20:20:34,627 ERROR [org.keycloak.services.scheduled.ScheduledTaskRunner] (Timer-0) Failed to run scheduled task ClearExpiredEvents: org.hibernate.exception.GenericJDBCException: Unable to acquire JDBC Connection [FATAL: password authentication failed for user "keycloak"] [n/a]
	at org.hibernate.exception.internal.StandardSQLExceptionConverter.convert(StandardSQLExceptionConverter.java:63)
	at org.hibernate.engine.jdbc.spi.SqlExceptionHelper.convert(SqlExceptionHelper.java:108)
	at org.hibernate.engine.jdbc.spi.SqlExceptionHelper.convert(SqlExceptionHelper.java:94)
	at org.hibernate.resource.jdbc.internal.LogicalConnectionManagedImpl.acquireConnectionIfNeeded(LogicalConnectionManagedImpl.java:116)
	at org.hibernate.resource.jdbc.internal.LogicalConnectionManagedImpl.getPhysicalConnection(LogicalConnectionManagedImpl.java:143)
	at org.hibernate.engine.jdbc.internal.StatementPreparerImpl.connection(StatementPreparerImpl.java:54)
	at org.hibernate.engine.jdbc.internal.StatementPreparerImpl$5.doPrepare(StatementPreparerImpl.java:153)
	at org.hibernate.engine.jdbc.internal.StatementPreparerImpl$StatementPreparationTemplate.prepareStatement(StatementPreparerImpl.java:183)
	at org.hibernate.engine.jdbc.internal.StatementPreparerImpl.prepareQueryStatement(StatementPreparerImpl.java:155)
	at org.hibernate.sql.exec.spi.JdbcSelectExecutor.lambda$list$0(JdbcSelectExecutor.java:85)
	at org.hibernate.sql.results.jdbc.internal.DeferredResultSetAccess.executeQuery(DeferredResultSetAccess.java:231)
	at org.hibernate.sql.results.jdbc.internal.DeferredResultSetAccess.getResultSet(DeferredResultSetAccess.java:167)
	at org.hibernate.sql.results.jdbc.internal.JdbcValuesResultSetImpl.advanceNext(JdbcValuesResultSetImpl.java:218)
	at org.hibernate.sql.results.jdbc.internal.JdbcValuesResultSetImpl.processNext(JdbcValuesResultSetImpl.java:98)
	at org.hibernate.sql.results.jdbc.internal.AbstractJdbcValues.next(AbstractJdbcValues.java:19)
	at org.hibernate.sql.results.internal.RowProcessingStateStandardImpl.next(RowProcessingStateStandardImpl.java:66)
	at org.hibernate.sql.results.spi.ListResultsConsumer.consume(ListResultsConsumer.java:202)
	at org.hibernate.sql.results.spi.ListResultsConsumer.consume(ListResultsConsumer.java:33)
	at org.hibernate.sql.exec.internal.JdbcSelectExecutorStandardImpl.doExecuteQuery(JdbcSelectExecutorStandardImpl.java:209)
	at org.hibernate.sql.exec.internal.JdbcSelectExecutorStandardImpl.executeQuery(JdbcSelectExecutorStandardImpl.java:83)
	at org.hibernate.sql.exec.spi.JdbcSelectExecutor.list(JdbcSelectExecutor.java:76)
	at org.hibernate.sql.exec.spi.JdbcSelectExecutor.list(JdbcSelectExecutor.java:65)
	at org.hibernate.query.sqm.internal.ConcreteSqmSelectQueryPlan.lambda$new$2(ConcreteSqmSelectQueryPlan.java:137)
	at org.hibernate.query.sqm.internal.ConcreteSqmSelectQueryPlan.withCacheableSqmInterpretation(ConcreteSqmSelectQueryPlan.java:362)
	at org.hibernate.query.sqm.internal.ConcreteSqmSelectQueryPlan.performList(ConcreteSqmSelectQueryPlan.java:303)
	at org.hibernate.query.sqm.internal.QuerySqmImpl.doList(QuerySqmImpl.java:509)
	at org.hibernate.query.spi.AbstractSelectionQuery.list(AbstractSelectionQuery.java:427)
	at org.hibernate.query.Query.getResultList(Query.java:120)
	at org.keycloak.events.jpa.JpaEventStoreProvider.clearExpiredEvents(JpaEventStoreProvider.java:94)
	at org.keycloak.services.scheduled.ClearExpiredEvents.run(ClearExpiredEvents.java:39)
	at org.keycloak.services.scheduled.ClusterAwareScheduledTaskRunner$1.call(ClusterAwareScheduledTaskRunner.java:56)
	at org.keycloak.services.scheduled.ClusterAwareScheduledTaskRunner$1.call(ClusterAwareScheduledTaskRunner.java:52)
	at org.keycloak.cluster.infinispan.InfinispanClusterProvider.executeIfNotExecuted(InfinispanClusterProvider.java:78)
	at org.keycloak.services.scheduled.ClusterAwareScheduledTaskRunner.runTask(ClusterAwareScheduledTaskRunner.java:52)
	at org.keycloak.services.scheduled.ScheduledTaskRunner.lambda$run$0(ScheduledTaskRunner.java:59)
	at org.keycloak.models.utils.KeycloakModelUtils.lambda$runJobInTransaction$1(KeycloakModelUtils.java:257)
	at org.keycloak.models.utils.KeycloakModelUtils.runJobInTransactionWithResult(KeycloakModelUtils.java:379)
	at org.keycloak.models.utils.KeycloakModelUtils.runJobInTransaction(KeycloakModelUtils.java:256)
	at org.keycloak.services.scheduled.ScheduledTaskRunner.run(ScheduledTaskRunner.java:53)
	at org.keycloak.timer.basic.BasicTimerProvider$1.run(BasicTimerProvider.java:53)
	at java.base/java.util.TimerThread.mainLoop(Timer.java:566)
	at java.base/java.util.TimerThread.run(Timer.java:516)
Caused by: org.postgresql.util.PSQLException: FATAL: password authentication failed for user "keycloak"
	at org.postgresql.core.v3.ConnectionFactoryImpl.doAuthentication(ConnectionFactoryImpl.java:698)
	at org.postgresql.core.v3.ConnectionFactoryImpl.tryConnect(ConnectionFactoryImpl.java:207)
	at org.postgresql.core.v3.ConnectionFactoryImpl.openConnectionImpl(ConnectionFactoryImpl.java:262)
	at org.postgresql.core.ConnectionFactory.openConnection(ConnectionFactory.java:54)
	at org.postgresql.jdbc.PgConnection.<init>(PgConnection.java:273)
	at org.postgresql.Driver.makeConnection(Driver.java:446)
	at org.postgresql.Driver.connect(Driver.java:298)
	at java.sql/java.sql.DriverManager.getConnection(DriverManager.java:681)
	at java.sql/java.sql.DriverManager.getConnection(DriverManager.java:229)
	at org.postgresql.ds.common.BaseDataSource.getConnection(BaseDataSource.java:104)
	at org.postgresql.xa.PGXADataSource.getXAConnection(PGXADataSource.java:52)
	at org.postgresql.xa.PGXADataSource.getXAConnection(PGXADataSource.java:37)
	at io.agroal.pool.ConnectionFactory.createConnection(ConnectionFactory.java:231)
	at io.agroal.pool.ConnectionPool$CreateConnectionTask.call(ConnectionPool.java:545)
	at io.agroal.pool.ConnectionPool$CreateConnectionTask.call(ConnectionPool.java:526)
	at java.base/java.util.concurrent.FutureTask.run(FutureTask.java:264)
	at io.agroal.pool.util.PriorityScheduledExecutor.beforeExecute(PriorityScheduledExecutor.java:75)
	at java.base/java.util.concurrent.ThreadPoolExecutor.runWorker(ThreadPoolExecutor.java:1134)
	at java.base/java.util.concurrent.ThreadPoolExecutor$Worker.run(ThreadPoolExecutor.java:635)
	at java.base/java.lang.Thread.run(Thread.java:840)

2025-08-07 20:20:34,683 WARN  [io.agroal.pool] (agroal-11) Datasource '<default>': FATAL: password authentication failed for user "keycloak"
2025-08-07 20:20:34,683 WARN  [org.hibernate.engine.jdbc.spi.SqlExceptionHelper] (Timer-0) SQL Error: 0, SQLState: 28P01
2025-08-07 20:20:34,683 ERROR [org.hibernate.engine.jdbc.spi.SqlExceptionHelper] (Timer-0) FATAL: password authentication failed for user "keycloak"
2025-08-07 20:20:34,684 ERROR [org.keycloak.services.scheduled.ScheduledTaskRunner] (Timer-0) Failed to run scheduled task ClearExpiredUserSessions: org.hibernate.exception.GenericJDBCException: Unable to acquire JDBC Connection [FATAL: password authentication failed for user "keycloak"] [n/a]
	at org.hibernate.exception.internal.StandardSQLExceptionConverter.convert(StandardSQLExceptionConverter.java:63)
	at org.hibernate.engine.jdbc.spi.SqlExceptionHelper.convert(SqlExceptionHelper.java:108)
	at org.hibernate.engine.jdbc.spi.SqlExceptionHelper.convert(SqlExceptionHelper.java:94)
	at org.hibernate.resource.jdbc.internal.LogicalConnectionManagedImpl.acquireConnectionIfNeeded(LogicalConnectionManagedImpl.java:116)
	at org.hibernate.resource.jdbc.internal.LogicalConnectionManagedImpl.getPhysicalConnection(LogicalConnectionManagedImpl.java:143)
	at org.hibernate.engine.jdbc.internal.StatementPreparerImpl.connection(StatementPreparerImpl.java:54)
	at org.hibernate.engine.jdbc.internal.StatementPreparerImpl$5.doPrepare(StatementPreparerImpl.java:153)
	at org.hibernate.engine.jdbc.internal.StatementPreparerImpl$StatementPreparationTemplate.prepareStatement(StatementPreparerImpl.java:183)
	at org.hibernate.engine.jdbc.internal.StatementPreparerImpl.prepareQueryStatement(StatementPreparerImpl.java:155)
	at org.hibernate.sql.exec.spi.JdbcSelectExecutor.lambda$scroll$1(JdbcSelectExecutor.java:102)
	at org.hibernate.sql.results.jdbc.internal.DeferredResultSetAccess.executeQuery(DeferredResultSetAccess.java:231)
	at org.hibernate.sql.results.jdbc.internal.DeferredResultSetAccess.getResultSet(DeferredResultSetAccess.java:167)
	at org.hibernate.sql.results.jdbc.internal.JdbcValuesResultSetImpl.advanceNext(JdbcValuesResultSetImpl.java:218)
	at org.hibernate.sql.results.jdbc.internal.JdbcValuesResultSetImpl.processNext(JdbcValuesResultSetImpl.java:98)
	at org.hibernate.sql.results.jdbc.internal.AbstractJdbcValues.next(AbstractJdbcValues.java:19)
	at org.hibernate.sql.results.internal.RowProcessingStateStandardImpl.next(RowProcessingStateStandardImpl.java:66)
	at org.hibernate.internal.ScrollableResultsImpl.next(ScrollableResultsImpl.java:51)
	at org.hibernate.query.internal.ScrollableResultsIterator.hasNext(ScrollableResultsIterator.java:33)
	at java.base/java.util.Iterator.forEachRemaining(Iterator.java:132)
	at java.base/java.util.Spliterators$IteratorSpliterator.forEachRemaining(Spliterators.java:1845)
	at java.base/java.util.stream.AbstractPipeline.copyInto(AbstractPipeline.java:509)
	at java.base/java.util.stream.AbstractPipeline.wrapAndCopyInto(AbstractPipeline.java:499)
	at java.base/java.util.stream.ForEachOps$ForEachOp.evaluateSequential(ForEachOps.java:150)
	at java.base/java.util.stream.ForEachOps$ForEachOp$OfRef.evaluateSequential(ForEachOps.java:173)
	at java.base/java.util.stream.AbstractPipeline.evaluate(AbstractPipeline.java:234)
	at java.base/java.util.stream.ReferencePipeline.forEach(ReferencePipeline.java:596)
	at org.keycloak.utils.ClosingStream.forEach(ClosingStream.java:128)
	at org.keycloak.models.sessions.infinispan.InfinispanUserSessionProvider.removeAllExpired(InfinispanUserSessionProvider.java:630)
	at org.keycloak.services.scheduled.ClearExpiredUserSessions.run(ClearExpiredUserSessions.java:39)
	at org.keycloak.services.scheduled.ClusterAwareScheduledTaskRunner$1.call(ClusterAwareScheduledTaskRunner.java:56)
	at org.keycloak.services.scheduled.ClusterAwareScheduledTaskRunner$1.call(ClusterAwareScheduledTaskRunner.java:52)
	at org.keycloak.cluster.infinispan.InfinispanClusterProvider.executeIfNotExecuted(InfinispanClusterProvider.java:78)
	at org.keycloak.services.scheduled.ClusterAwareScheduledTaskRunner.runTask(ClusterAwareScheduledTaskRunner.java:52)
	at org.keycloak.services.scheduled.ScheduledTaskRunner.lambda$run$0(ScheduledTaskRunner.java:59)
	at org.keycloak.models.utils.KeycloakModelUtils.lambda$runJobInTransaction$1(KeycloakModelUtils.java:257)
	at org.keycloak.models.utils.KeycloakModelUtils.runJobInTransactionWithResult(KeycloakModelUtils.java:379)
	at org.keycloak.models.utils.KeycloakModelUtils.runJobInTransaction(KeycloakModelUtils.java:256)
	at org.keycloak.services.scheduled.ScheduledTaskRunner.run(ScheduledTaskRunner.java:53)
	at org.keycloak.timer.basic.BasicTimerProvider$1.run(BasicTimerProvider.java:53)
	at java.base/java.util.TimerThread.mainLoop(Timer.java:566)
	at java.base/java.util.TimerThread.run(Timer.java:516)
Caused by: org.postgresql.util.PSQLException: FATAL: password authentication failed for user "keycloak"
	at org.postgresql.core.v3.ConnectionFactoryImpl.doAuthentication(ConnectionFactoryImpl.java:698)
	at org.postgresql.core.v3.ConnectionFactoryImpl.tryConnect(ConnectionFactoryImpl.java:207)
	at org.postgresql.core.v3.ConnectionFactoryImpl.openConnectionImpl(ConnectionFactoryImpl.java:262)
	at org.postgresql.core.ConnectionFactory.openConnection(ConnectionFactory.java:54)
	at org.postgresql.jdbc.PgConnection.<init>(PgConnection.java:273)
	at org.postgresql.Driver.makeConnection(Driver.java:446)
	at org.postgresql.Driver.connect(Driver.java:298)
	at java.sql/java.sql.DriverManager.getConnection(DriverManager.java:681)
	at java.sql/java.sql.DriverManager.getConnection(DriverManager.java:229)
	at org.postgresql.ds.common.BaseDataSource.getConnection(BaseDataSource.java:104)
	at org.postgresql.xa.PGXADataSource.getXAConnection(PGXADataSource.java:52)
	at org.postgresql.xa.PGXADataSource.getXAConnection(PGXADataSource.java:37)
	at io.agroal.pool.ConnectionFactory.createConnection(ConnectionFactory.java:231)
	at io.agroal.pool.ConnectionPool$CreateConnectionTask.call(ConnectionPool.java:545)
	at io.agroal.pool.ConnectionPool$CreateConnectionTask.call(ConnectionPool.java:526)
	at java.base/java.util.concurrent.FutureTask.run(FutureTask.java:264)
	at io.agroal.pool.util.PriorityScheduledExecutor.beforeExecute(PriorityScheduledExecutor.java:75)
	at java.base/java.util.concurrent.ThreadPoolExecutor.runWorker(ThreadPoolExecutor.java:1134)
	at java.base/java.util.concurrent.ThreadPoolExecutor$Worker.run(ThreadPoolExecutor.java:635)
	at java.base/java.lang.Thread.run(Thread.java:840)

2025-08-07 20:20:34,726 WARN  [io.agroal.pool] (agroal-11) Datasource '<default>': FATAL: password authentication failed for user "keycloak"
2025-08-07 20:20:34,727 WARN  [org.hibernate.engine.jdbc.spi.SqlExceptionHelper] (Timer-0) SQL Error: 0, SQLState: 28P01
2025-08-07 20:20:34,727 ERROR [org.hibernate.engine.jdbc.spi.SqlExceptionHelper] (Timer-0) FATAL: password authentication failed for user "keycloak"
2025-08-07 20:20:34,728 ERROR [org.keycloak.services.scheduled.ScheduledTaskRunner] (Timer-0) Failed to run scheduled task ClearExpiredAdminEvents: org.hibernate.exception.GenericJDBCException: Unable to acquire JDBC Connection [FATAL: password authentication failed for user "keycloak"] [n/a]
	at org.hibernate.exception.internal.StandardSQLExceptionConverter.convert(StandardSQLExceptionConverter.java:63)
	at org.hibernate.engine.jdbc.spi.SqlExceptionHelper.convert(SqlExceptionHelper.java:108)
	at org.hibernate.engine.jdbc.spi.SqlExceptionHelper.convert(SqlExceptionHelper.java:94)
	at org.hibernate.resource.jdbc.internal.LogicalConnectionManagedImpl.acquireConnectionIfNeeded(LogicalConnectionManagedImpl.java:116)
	at org.hibernate.resource.jdbc.internal.LogicalConnectionManagedImpl.getPhysicalConnection(LogicalConnectionManagedImpl.java:143)
	at org.hibernate.engine.jdbc.internal.StatementPreparerImpl.connection(StatementPreparerImpl.java:54)
	at org.hibernate.engine.jdbc.internal.StatementPreparerImpl$5.doPrepare(StatementPreparerImpl.java:153)
	at org.hibernate.engine.jdbc.internal.StatementPreparerImpl$StatementPreparationTemplate.prepareStatement(StatementPreparerImpl.java:183)
	at org.hibernate.engine.jdbc.internal.StatementPreparerImpl.prepareQueryStatement(StatementPreparerImpl.java:155)
	at org.hibernate.sql.exec.spi.JdbcSelectExecutor.lambda$scroll$1(JdbcSelectExecutor.java:102)
	at org.hibernate.sql.results.jdbc.internal.DeferredResultSetAccess.executeQuery(DeferredResultSetAccess.java:231)
	at org.hibernate.sql.results.jdbc.internal.DeferredResultSetAccess.getResultSet(DeferredResultSetAccess.java:167)
	at org.hibernate.sql.results.jdbc.internal.JdbcValuesResultSetImpl.advanceNext(JdbcValuesResultSetImpl.java:218)
	at org.hibernate.sql.results.jdbc.internal.JdbcValuesResultSetImpl.processNext(JdbcValuesResultSetImpl.java:98)
	at org.hibernate.sql.results.jdbc.internal.AbstractJdbcValues.next(AbstractJdbcValues.java:19)
	at org.hibernate.sql.results.internal.RowProcessingStateStandardImpl.next(RowProcessingStateStandardImpl.java:66)
	at org.hibernate.internal.ScrollableResultsImpl.next(ScrollableResultsImpl.java:51)
	at org.hibernate.query.internal.ScrollableResultsIterator.hasNext(ScrollableResultsIterator.java:33)
	at java.base/java.util.Iterator.forEachRemaining(Iterator.java:132)
	at java.base/java.util.Spliterators$IteratorSpliterator.forEachRemaining(Spliterators.java:1845)
	at java.base/java.util.stream.AbstractPipeline.copyInto(AbstractPipeline.java:509)
	at java.base/java.util.stream.AbstractPipeline.wrapAndCopyInto(AbstractPipeline.java:499)
	at java.base/java.util.stream.ReduceOps$ReduceOp.evaluateSequential(ReduceOps.java:921)
	at java.base/java.util.stream.AbstractPipeline.evaluate(AbstractPipeline.java:234)
	at java.base/java.util.stream.ReferencePipeline.collect(ReferencePipeline.java:682)
	at org.keycloak.events.jpa.JpaEventStoreProvider.clearExpiredAdminEvents(JpaEventStoreProvider.java:265)
	at org.keycloak.events.jpa.JpaEventStoreProviderFactory.invalidate(JpaEventStoreProviderFactory.java:63)
	at org.keycloak.services.DefaultKeycloakSessionFactory.lambda$invalidate$0(DefaultKeycloakSessionFactory.java:367)
	at java.base/java.util.stream.ForEachOps$ForEachOp$OfRef.accept(ForEachOps.java:183)
	at java.base/java.util.stream.ReferencePipeline$3$1.accept(ReferencePipeline.java:197)
	at java.base/java.util.stream.ReferencePipeline$2$1.accept(ReferencePipeline.java:179)
	at java.base/java.util.HashMap$ValueSpliterator.forEachRemaining(HashMap.java:1779)
	at java.base/java.util.stream.ReferencePipeline$Head.forEach(ReferencePipeline.java:762)
	at java.base/java.util.stream.ReferencePipeline$7$1.accept(ReferencePipeline.java:276)
	at java.base/java.util.stream.ReferencePipeline$3$1.accept(ReferencePipeline.java:197)
	at java.base/java.util.HashMap$ValueSpliterator.forEachRemaining(HashMap.java:1779)
	at java.base/java.util.stream.AbstractPipeline.copyInto(AbstractPipeline.java:509)
	at java.base/java.util.stream.AbstractPipeline.wrapAndCopyInto(AbstractPipeline.java:499)
	at java.base/java.util.stream.ForEachOps$ForEachOp.evaluateSequential(ForEachOps.java:150)
	at java.base/java.util.stream.ForEachOps$ForEachOp$OfRef.evaluateSequential(ForEachOps.java:173)
	at java.base/java.util.stream.AbstractPipeline.evaluate(AbstractPipeline.java:234)
	at java.base/java.util.stream.ReferencePipeline.forEach(ReferencePipeline.java:596)
	at org.keycloak.services.DefaultKeycloakSessionFactory.invalidate(DefaultKeycloakSessionFactory.java:367)
	at org.keycloak.services.DefaultKeycloakSession.invalidate(DefaultKeycloakSession.java:108)
	at org.keycloak.services.scheduled.ClearExpiredAdminEvents.run(ClearExpiredAdminEvents.java:33)
	at org.keycloak.services.scheduled.ClusterAwareScheduledTaskRunner$1.call(ClusterAwareScheduledTaskRunner.java:56)
	at org.keycloak.services.scheduled.ClusterAwareScheduledTaskRunner$1.call(ClusterAwareScheduledTaskRunner.java:52)
	at org.keycloak.cluster.infinispan.InfinispanClusterProvider.executeIfNotExecuted(InfinispanClusterProvider.java:78)
	at org.keycloak.services.scheduled.ClusterAwareScheduledTaskRunner.runTask(ClusterAwareScheduledTaskRunner.java:52)
	at org.keycloak.services.scheduled.ScheduledTaskRunner.lambda$run$0(ScheduledTaskRunner.java:59)
	at org.keycloak.models.utils.KeycloakModelUtils.lambda$runJobInTransaction$1(KeycloakModelUtils.java:257)
	at org.keycloak.models.utils.KeycloakModelUtils.runJobInTransactionWithResult(KeycloakModelUtils.java:379)
	at org.keycloak.models.utils.KeycloakModelUtils.runJobInTransaction(KeycloakModelUtils.java:256)
	at org.keycloak.services.scheduled.ScheduledTaskRunner.run(ScheduledTaskRunner.java:53)
	at org.keycloak.timer.basic.BasicTimerProvider$1.run(BasicTimerProvider.java:53)
	at java.base/java.util.TimerThread.mainLoop(Timer.java:566)
	at java.base/java.util.TimerThread.run(Timer.java:516)
Caused by: org.postgresql.util.PSQLException: FATAL: password authentication failed for user "keycloak"
	at org.postgresql.core.v3.ConnectionFactoryImpl.doAuthentication(ConnectionFactoryImpl.java:698)
	at org.postgresql.core.v3.ConnectionFactoryImpl.tryConnect(ConnectionFactoryImpl.java:207)
	at org.postgresql.core.v3.ConnectionFactoryImpl.openConnectionImpl(ConnectionFactoryImpl.java:262)
	at org.postgresql.core.ConnectionFactory.openConnection(ConnectionFactory.java:54)
	at org.postgresql.jdbc.PgConnection.<init>(PgConnection.java:273)
	at org.postgresql.Driver.makeConnection(Driver.java:446)
	at org.postgresql.Driver.connect(Driver.java:298)
	at java.sql/java.sql.DriverManager.getConnection(DriverManager.java:681)
	at java.sql/java.sql.DriverManager.getConnection(DriverManager.java:229)
	at org.postgresql.ds.common.BaseDataSource.getConnection(BaseDataSource.java:104)
	at org.postgresql.xa.PGXADataSource.getXAConnection(PGXADataSource.java:52)
	at org.postgresql.xa.PGXADataSource.getXAConnection(PGXADataSource.java:37)
	at io.agroal.pool.ConnectionFactory.createConnection(ConnectionFactory.java:231)
	at io.agroal.pool.ConnectionPool$CreateConnectionTask.call(ConnectionPool.java:545)
	at io.agroal.pool.ConnectionPool$CreateConnectionTask.call(ConnectionPool.java:526)
	at java.base/java.util.concurrent.FutureTask.run(FutureTask.java:264)
	at io.agroal.pool.util.PriorityScheduledExecutor.beforeExecute(PriorityScheduledExecutor.java:75)
	at java.base/java.util.concurrent.ThreadPoolExecutor.runWorker(ThreadPoolExecutor.java:1134)
	at java.base/java.util.concurrent.ThreadPoolExecutor$Worker.run(ThreadPoolExecutor.java:635)
	at java.base/java.lang.Thread.run(Thread.java:840)

2025-08-07 20:20:34,774 WARN  [io.agroal.pool] (agroal-11) Datasource '<default>': FATAL: password authentication failed for user "keycloak"
2025-08-07 20:20:34,775 WARN  [org.hibernate.engine.jdbc.spi.SqlExceptionHelper] (Timer-0) SQL Error: 0, SQLState: 28P01
2025-08-07 20:20:34,775 ERROR [org.hibernate.engine.jdbc.spi.SqlExceptionHelper] (Timer-0) FATAL: password authentication failed for user "keycloak"
2025-08-07 20:20:34,776 ERROR [org.keycloak.services.scheduled.ScheduledTaskRunner] (Timer-0) Failed to run scheduled task ClearExpiredClientInitialAccessTokens: org.hibernate.exception.GenericJDBCException: Unable to acquire JDBC Connection [FATAL: password authentication failed for user "keycloak"] [n/a]
	at org.hibernate.exception.internal.StandardSQLExceptionConverter.convert(StandardSQLExceptionConverter.java:63)
	at org.hibernate.engine.jdbc.spi.SqlExceptionHelper.convert(SqlExceptionHelper.java:108)
	at org.hibernate.engine.jdbc.spi.SqlExceptionHelper.convert(SqlExceptionHelper.java:94)
	at org.hibernate.resource.jdbc.internal.LogicalConnectionManagedImpl.acquireConnectionIfNeeded(LogicalConnectionManagedImpl.java:116)
	at org.hibernate.resource.jdbc.internal.LogicalConnectionManagedImpl.getPhysicalConnection(LogicalConnectionManagedImpl.java:143)
	at org.hibernate.engine.jdbc.internal.StatementPreparerImpl.connection(StatementPreparerImpl.java:54)
	at org.hibernate.engine.jdbc.internal.StatementPreparerImpl$1.doPrepare(StatementPreparerImpl.java:94)
	at org.hibernate.engine.jdbc.internal.StatementPreparerImpl$StatementPreparationTemplate.prepareStatement(StatementPreparerImpl.java:183)
	at org.hibernate.engine.jdbc.internal.StatementPreparerImpl.prepareStatement(StatementPreparerImpl.java:79)
	at org.hibernate.query.sqm.internal.SimpleDeleteQueryPlan.lambda$executeUpdate$2(SimpleDeleteQueryPlan.java:197)
	at org.hibernate.sql.exec.internal.StandardJdbcMutationExecutor.execute(StandardJdbcMutationExecutor.java:64)
	at org.hibernate.query.sqm.internal.SimpleDeleteQueryPlan.executeUpdate(SimpleDeleteQueryPlan.java:191)
	at org.hibernate.query.sqm.internal.QuerySqmImpl.doExecuteUpdate(QuerySqmImpl.java:705)
	at org.hibernate.query.sqm.internal.QuerySqmImpl.executeUpdate(QuerySqmImpl.java:675)
	at org.keycloak.models.jpa.JpaRealmProvider.removeExpiredClientInitialAccess(JpaRealmProvider.java:1167)
	at org.keycloak.models.cache.infinispan.RealmCacheSession.removeExpiredClientInitialAccess(RealmCacheSession.java:1483)
	at org.keycloak.services.scheduled.ClearExpiredClientInitialAccessTokens.run(ClearExpiredClientInitialAccessTokens.java:30)
	at org.keycloak.services.scheduled.ClusterAwareScheduledTaskRunner$1.call(ClusterAwareScheduledTaskRunner.java:56)
	at org.keycloak.services.scheduled.ClusterAwareScheduledTaskRunner$1.call(ClusterAwareScheduledTaskRunner.java:52)
	at org.keycloak.cluster.infinispan.InfinispanClusterProvider.executeIfNotExecuted(InfinispanClusterProvider.java:78)
	at org.keycloak.services.scheduled.ClusterAwareScheduledTaskRunner.runTask(ClusterAwareScheduledTaskRunner.java:52)
	at org.keycloak.services.scheduled.ScheduledTaskRunner.lambda$run$0(ScheduledTaskRunner.java:59)
	at org.keycloak.models.utils.KeycloakModelUtils.lambda$runJobInTransaction$1(KeycloakModelUtils.java:257)
	at org.keycloak.models.utils.KeycloakModelUtils.runJobInTransactionWithResult(KeycloakModelUtils.java:379)
	at org.keycloak.models.utils.KeycloakModelUtils.runJobInTransaction(KeycloakModelUtils.java:256)
	at org.keycloak.services.scheduled.ScheduledTaskRunner.run(ScheduledTaskRunner.java:53)
	at org.keycloak.timer.basic.BasicTimerProvider$1.run(BasicTimerProvider.java:53)
	at java.base/java.util.TimerThread.mainLoop(Timer.java:566)
	at java.base/java.util.TimerThread.run(Timer.java:516)
Caused by: org.postgresql.util.PSQLException: FATAL: password authentication failed for user "keycloak"
	at org.postgresql.core.v3.ConnectionFactoryImpl.doAuthentication(ConnectionFactoryImpl.java:698)
	at org.postgresql.core.v3.ConnectionFactoryImpl.tryConnect(ConnectionFactoryImpl.java:207)
	at org.postgresql.core.v3.ConnectionFactoryImpl.openConnectionImpl(ConnectionFactoryImpl.java:262)
	at org.postgresql.core.ConnectionFactory.openConnection(ConnectionFactory.java:54)
	at org.postgresql.jdbc.PgConnection.<init>(PgConnection.java:273)
	at org.postgresql.Driver.makeConnection(Driver.java:446)
	at org.postgresql.Driver.connect(Driver.java:298)
	at java.sql/java.sql.DriverManager.getConnection(DriverManager.java:681)
	at java.sql/java.sql.DriverManager.getConnection(DriverManager.java:229)
	at org.postgresql.ds.common.BaseDataSource.getConnection(BaseDataSource.java:104)
	at org.postgresql.xa.PGXADataSource.getXAConnection(PGXADataSource.java:52)
	at org.postgresql.xa.PGXADataSource.getXAConnection(PGXADataSource.java:37)
	at io.agroal.pool.ConnectionFactory.createConnection(ConnectionFactory.java:231)
	at io.agroal.pool.ConnectionPool$CreateConnectionTask.call(ConnectionPool.java:545)
	at io.agroal.pool.ConnectionPool$CreateConnectionTask.call(ConnectionPool.java:526)
	at java.base/java.util.concurrent.FutureTask.run(FutureTask.java:264)
	at io.agroal.pool.util.PriorityScheduledExecutor.beforeExecute(PriorityScheduledExecutor.java:75)
	at java.base/java.util.concurrent.ThreadPoolExecutor.runWorker(ThreadPoolExecutor.java:1134)
	at java.base/java.util.concurrent.ThreadPoolExecutor$Worker.run(ThreadPoolExecutor.java:635)
	at java.base/java.lang.Thread.run(Thread.java:840)

2025-08-07 20:35:34,624 WARN  [io.agroal.pool] (agroal-11) Datasource '<default>': Connection to purebliss-postgres:5432 refused. Check that the hostname and port are correct and that the postmaster is accepting TCP/IP connections.
2025-08-07 20:35:34,625 WARN  [org.hibernate.engine.jdbc.spi.SqlExceptionHelper] (Timer-0) SQL Error: 0, SQLState: 08001
2025-08-07 20:35:34,625 ERROR [org.hibernate.engine.jdbc.spi.SqlExceptionHelper] (Timer-0) Connection to purebliss-postgres:5432 refused. Check that the hostname and port are correct and that the postmaster is accepting TCP/IP connections.
2025-08-07 20:35:34,627 ERROR [org.keycloak.services.scheduled.ScheduledTaskRunner] (Timer-0) Failed to run scheduled task ClearExpiredEvents: org.hibernate.exception.JDBCConnectionException: Unable to acquire JDBC Connection [Connection to purebliss-postgres:5432 refused. Check that the hostname and port are correct and that the postmaster is accepting TCP/IP connections.] [n/a]
	at org.hibernate.exception.internal.SQLStateConversionDelegate.convert(SQLStateConversionDelegate.java:100)
	at org.hibernate.exception.internal.StandardSQLExceptionConverter.convert(StandardSQLExceptionConverter.java:58)
	at org.hibernate.engine.jdbc.spi.SqlExceptionHelper.convert(SqlExceptionHelper.java:108)
	at org.hibernate.engine.jdbc.spi.SqlExceptionHelper.convert(SqlExceptionHelper.java:94)
	at org.hibernate.resource.jdbc.internal.LogicalConnectionManagedImpl.acquireConnectionIfNeeded(LogicalConnectionManagedImpl.java:116)
	at org.hibernate.resource.jdbc.internal.LogicalConnectionManagedImpl.getPhysicalConnection(LogicalConnectionManagedImpl.java:143)
	at org.hibernate.engine.jdbc.internal.StatementPreparerImpl.connection(StatementPreparerImpl.java:54)
	at org.hibernate.engine.jdbc.internal.StatementPreparerImpl$5.doPrepare(StatementPreparerImpl.java:153)
	at org.hibernate.engine.jdbc.internal.StatementPreparerImpl$StatementPreparationTemplate.prepareStatement(StatementPreparerImpl.java:183)
	at org.hibernate.engine.jdbc.internal.StatementPreparerImpl.prepareQueryStatement(StatementPreparerImpl.java:155)
	at org.hibernate.sql.exec.spi.JdbcSelectExecutor.lambda$list$0(JdbcSelectExecutor.java:85)
	at org.hibernate.sql.results.jdbc.internal.DeferredResultSetAccess.executeQuery(DeferredResultSetAccess.java:231)
	at org.hibernate.sql.results.jdbc.internal.DeferredResultSetAccess.getResultSet(DeferredResultSetAccess.java:167)
	at org.hibernate.sql.results.jdbc.internal.JdbcValuesResultSetImpl.advanceNext(JdbcValuesResultSetImpl.java:218)
	at org.hibernate.sql.results.jdbc.internal.JdbcValuesResultSetImpl.processNext(JdbcValuesResultSetImpl.java:98)
	at org.hibernate.sql.results.jdbc.internal.AbstractJdbcValues.next(AbstractJdbcValues.java:19)
	at org.hibernate.sql.results.internal.RowProcessingStateStandardImpl.next(RowProcessingStateStandardImpl.java:66)
	at org.hibernate.sql.results.spi.ListResultsConsumer.consume(ListResultsConsumer.java:202)
	at org.hibernate.sql.results.spi.ListResultsConsumer.consume(ListResultsConsumer.java:33)
	at org.hibernate.sql.exec.internal.JdbcSelectExecutorStandardImpl.doExecuteQuery(JdbcSelectExecutorStandardImpl.java:209)
	at org.hibernate.sql.exec.internal.JdbcSelectExecutorStandardImpl.executeQuery(JdbcSelectExecutorStandardImpl.java:83)
	at org.hibernate.sql.exec.spi.JdbcSelectExecutor.list(JdbcSelectExecutor.java:76)
	at org.hibernate.sql.exec.spi.JdbcSelectExecutor.list(JdbcSelectExecutor.java:65)
	at org.hibernate.query.sqm.internal.ConcreteSqmSelectQueryPlan.lambda$new$2(ConcreteSqmSelectQueryPlan.java:137)
	at org.hibernate.query.sqm.internal.ConcreteSqmSelectQueryPlan.withCacheableSqmInterpretation(ConcreteSqmSelectQueryPlan.java:362)
	at org.hibernate.query.sqm.internal.ConcreteSqmSelectQueryPlan.performList(ConcreteSqmSelectQueryPlan.java:303)
	at org.hibernate.query.sqm.internal.QuerySqmImpl.doList(QuerySqmImpl.java:509)
	at org.hibernate.query.spi.AbstractSelectionQuery.list(AbstractSelectionQuery.java:427)
	at org.hibernate.query.Query.getResultList(Query.java:120)
	at org.keycloak.events.jpa.JpaEventStoreProvider.clearExpiredEvents(JpaEventStoreProvider.java:94)
	at org.keycloak.services.scheduled.ClearExpiredEvents.run(ClearExpiredEvents.java:39)
	at org.keycloak.services.scheduled.ClusterAwareScheduledTaskRunner$1.call(ClusterAwareScheduledTaskRunner.java:56)
	at org.keycloak.services.scheduled.ClusterAwareScheduledTaskRunner$1.call(ClusterAwareScheduledTaskRunner.java:52)
	at org.keycloak.cluster.infinispan.InfinispanClusterProvider.executeIfNotExecuted(InfinispanClusterProvider.java:78)
	at org.keycloak.services.scheduled.ClusterAwareScheduledTaskRunner.runTask(ClusterAwareScheduledTaskRunner.java:52)
	at org.keycloak.services.scheduled.ScheduledTaskRunner.lambda$run$0(ScheduledTaskRunner.java:59)
	at org.keycloak.models.utils.KeycloakModelUtils.lambda$runJobInTransaction$1(KeycloakModelUtils.java:257)
	at org.keycloak.models.utils.KeycloakModelUtils.runJobInTransactionWithResult(KeycloakModelUtils.java:379)
	at org.keycloak.models.utils.KeycloakModelUtils.runJobInTransaction(KeycloakModelUtils.java:256)
	at org.keycloak.services.scheduled.ScheduledTaskRunner.run(ScheduledTaskRunner.java:53)
	at org.keycloak.timer.basic.BasicTimerProvider$1.run(BasicTimerProvider.java:53)
	at java.base/java.util.TimerThread.mainLoop(Timer.java:566)
	at java.base/java.util.TimerThread.run(Timer.java:516)
Caused by: org.postgresql.util.PSQLException: Connection to purebliss-postgres:5432 refused. Check that the hostname and port are correct and that the postmaster is accepting TCP/IP connections.
	at org.postgresql.core.v3.ConnectionFactoryImpl.openConnectionImpl(ConnectionFactoryImpl.java:346)
	at org.postgresql.core.ConnectionFactory.openConnection(ConnectionFactory.java:54)
	at org.postgresql.jdbc.PgConnection.<init>(PgConnection.java:273)
	at org.postgresql.Driver.makeConnection(Driver.java:446)
	at org.postgresql.Driver.connect(Driver.java:298)
	at java.sql/java.sql.DriverManager.getConnection(DriverManager.java:681)
	at java.sql/java.sql.DriverManager.getConnection(DriverManager.java:229)
	at org.postgresql.ds.common.BaseDataSource.getConnection(BaseDataSource.java:104)
	at org.postgresql.xa.PGXADataSource.getXAConnection(PGXADataSource.java:52)
	at org.postgresql.xa.PGXADataSource.getXAConnection(PGXADataSource.java:37)
	at io.agroal.pool.ConnectionFactory.createConnection(ConnectionFactory.java:231)
	at io.agroal.pool.ConnectionPool$CreateConnectionTask.call(ConnectionPool.java:545)
	at io.agroal.pool.ConnectionPool$CreateConnectionTask.call(ConnectionPool.java:526)
	at java.base/java.util.concurrent.FutureTask.run(FutureTask.java:264)
	at io.agroal.pool.util.PriorityScheduledExecutor.beforeExecute(PriorityScheduledExecutor.java:75)
	at java.base/java.util.concurrent.ThreadPoolExecutor.runWorker(ThreadPoolExecutor.java:1134)
	at java.base/java.util.concurrent.ThreadPoolExecutor$Worker.run(ThreadPoolExecutor.java:635)
	at java.base/java.lang.Thread.run(Thread.java:840)
Caused by: java.net.ConnectException: Connection refused
	at java.base/sun.nio.ch.Net.pollConnect(Native Method)
	at java.base/sun.nio.ch.Net.pollConnectNow(Net.java:672)
	at java.base/sun.nio.ch.NioSocketImpl.timedFinishConnect(NioSocketImpl.java:547)
	at java.base/sun.nio.ch.NioSocketImpl.connect(NioSocketImpl.java:602)
	at java.base/java.net.SocksSocketImpl.connect(SocksSocketImpl.java:327)
	at java.base/java.net.Socket.connect(Socket.java:633)
	at org.postgresql.core.PGStream.createSocket(PGStream.java:243)
	at org.postgresql.core.PGStream.<init>(PGStream.java:98)
	at org.postgresql.core.v3.ConnectionFactoryImpl.tryConnect(ConnectionFactoryImpl.java:136)
	at org.postgresql.core.v3.ConnectionFactoryImpl.openConnectionImpl(ConnectionFactoryImpl.java:262)
	... 17 more

2025-08-07 20:35:34,680 WARN  [io.agroal.pool] (agroal-11) Datasource '<default>': Connection to purebliss-postgres:5432 refused. Check that the hostname and port are correct and that the postmaster is accepting TCP/IP connections.
2025-08-07 20:35:34,680 WARN  [org.hibernate.engine.jdbc.spi.SqlExceptionHelper] (Timer-0) SQL Error: 0, SQLState: 08001
2025-08-07 20:35:34,680 ERROR [org.hibernate.engine.jdbc.spi.SqlExceptionHelper] (Timer-0) Connection to purebliss-postgres:5432 refused. Check that the hostname and port are correct and that the postmaster is accepting TCP/IP connections.
2025-08-07 20:35:34,681 ERROR [org.keycloak.services.scheduled.ScheduledTaskRunner] (Timer-0) Failed to run scheduled task ClearExpiredUserSessions: org.hibernate.exception.JDBCConnectionException: Unable to acquire JDBC Connection [Connection to purebliss-postgres:5432 refused. Check that the hostname and port are correct and that the postmaster is accepting TCP/IP connections.] [n/a]
	at org.hibernate.exception.internal.SQLStateConversionDelegate.convert(SQLStateConversionDelegate.java:100)
	at org.hibernate.exception.internal.StandardSQLExceptionConverter.convert(StandardSQLExceptionConverter.java:58)
	at org.hibernate.engine.jdbc.spi.SqlExceptionHelper.convert(SqlExceptionHelper.java:108)
	at org.hibernate.engine.jdbc.spi.SqlExceptionHelper.convert(SqlExceptionHelper.java:94)
	at org.hibernate.resource.jdbc.internal.LogicalConnectionManagedImpl.acquireConnectionIfNeeded(LogicalConnectionManagedImpl.java:116)
	at org.hibernate.resource.jdbc.internal.LogicalConnectionManagedImpl.getPhysicalConnection(LogicalConnectionManagedImpl.java:143)
	at org.hibernate.engine.jdbc.internal.StatementPreparerImpl.connection(StatementPreparerImpl.java:54)
	at org.hibernate.engine.jdbc.internal.StatementPreparerImpl$5.doPrepare(StatementPreparerImpl.java:153)
	at org.hibernate.engine.jdbc.internal.StatementPreparerImpl$StatementPreparationTemplate.prepareStatement(StatementPreparerImpl.java:183)
	at org.hibernate.engine.jdbc.internal.StatementPreparerImpl.prepareQueryStatement(StatementPreparerImpl.java:155)
	at org.hibernate.sql.exec.spi.JdbcSelectExecutor.lambda$scroll$1(JdbcSelectExecutor.java:102)
	at org.hibernate.sql.results.jdbc.internal.DeferredResultSetAccess.executeQuery(DeferredResultSetAccess.java:231)
	at org.hibernate.sql.results.jdbc.internal.DeferredResultSetAccess.getResultSet(DeferredResultSetAccess.java:167)
	at org.hibernate.sql.results.jdbc.internal.JdbcValuesResultSetImpl.advanceNext(JdbcValuesResultSetImpl.java:218)
	at org.hibernate.sql.results.jdbc.internal.JdbcValuesResultSetImpl.processNext(JdbcValuesResultSetImpl.java:98)
	at org.hibernate.sql.results.jdbc.internal.AbstractJdbcValues.next(AbstractJdbcValues.java:19)
	at org.hibernate.sql.results.internal.RowProcessingStateStandardImpl.next(RowProcessingStateStandardImpl.java:66)
	at org.hibernate.internal.ScrollableResultsImpl.next(ScrollableResultsImpl.java:51)
	at org.hibernate.query.internal.ScrollableResultsIterator.hasNext(ScrollableResultsIterator.java:33)
	at java.base/java.util.Iterator.forEachRemaining(Iterator.java:132)
	at java.base/java.util.Spliterators$IteratorSpliterator.forEachRemaining(Spliterators.java:1845)
	at java.base/java.util.stream.AbstractPipeline.copyInto(AbstractPipeline.java:509)
	at java.base/java.util.stream.AbstractPipeline.wrapAndCopyInto(AbstractPipeline.java:499)
	at java.base/java.util.stream.ForEachOps$ForEachOp.evaluateSequential(ForEachOps.java:150)
	at java.base/java.util.stream.ForEachOps$ForEachOp$OfRef.evaluateSequential(ForEachOps.java:173)
	at java.base/java.util.stream.AbstractPipeline.evaluate(AbstractPipeline.java:234)
	at java.base/java.util.stream.ReferencePipeline.forEach(ReferencePipeline.java:596)
	at org.keycloak.utils.ClosingStream.forEach(ClosingStream.java:128)
	at org.keycloak.models.sessions.infinispan.InfinispanUserSessionProvider.removeAllExpired(InfinispanUserSessionProvider.java:630)
	at org.keycloak.services.scheduled.ClearExpiredUserSessions.run(ClearExpiredUserSessions.java:39)
	at org.keycloak.services.scheduled.ClusterAwareScheduledTaskRunner$1.call(ClusterAwareScheduledTaskRunner.java:56)
	at org.keycloak.services.scheduled.ClusterAwareScheduledTaskRunner$1.call(ClusterAwareScheduledTaskRunner.java:52)
	at org.keycloak.cluster.infinispan.InfinispanClusterProvider.executeIfNotExecuted(InfinispanClusterProvider.java:78)
	at org.keycloak.services.scheduled.ClusterAwareScheduledTaskRunner.runTask(ClusterAwareScheduledTaskRunner.java:52)
	at org.keycloak.services.scheduled.ScheduledTaskRunner.lambda$run$0(ScheduledTaskRunner.java:59)
	at org.keycloak.models.utils.KeycloakModelUtils.lambda$runJobInTransaction$1(KeycloakModelUtils.java:257)
	at org.keycloak.models.utils.KeycloakModelUtils.runJobInTransactionWithResult(KeycloakModelUtils.java:379)
	at org.keycloak.models.utils.KeycloakModelUtils.runJobInTransaction(KeycloakModelUtils.java:256)
	at org.keycloak.services.scheduled.ScheduledTaskRunner.run(ScheduledTaskRunner.java:53)
	at org.keycloak.timer.basic.BasicTimerProvider$1.run(BasicTimerProvider.java:53)
	at java.base/java.util.TimerThread.mainLoop(Timer.java:566)
	at java.base/java.util.TimerThread.run(Timer.java:516)
Caused by: org.postgresql.util.PSQLException: Connection to purebliss-postgres:5432 refused. Check that the hostname and port are correct and that the postmaster is accepting TCP/IP connections.
	at org.postgresql.core.v3.ConnectionFactoryImpl.openConnectionImpl(ConnectionFactoryImpl.java:346)
	at org.postgresql.core.ConnectionFactory.openConnection(ConnectionFactory.java:54)
	at org.postgresql.jdbc.PgConnection.<init>(PgConnection.java:273)
	at org.postgresql.Driver.makeConnection(Driver.java:446)
	at org.postgresql.Driver.connect(Driver.java:298)
	at java.sql/java.sql.DriverManager.getConnection(DriverManager.java:681)
	at java.sql/java.sql.DriverManager.getConnection(DriverManager.java:229)
	at org.postgresql.ds.common.BaseDataSource.getConnection(BaseDataSource.java:104)
	at org.postgresql.xa.PGXADataSource.getXAConnection(PGXADataSource.java:52)
	at org.postgresql.xa.PGXADataSource.getXAConnection(PGXADataSource.java:37)
	at io.agroal.pool.ConnectionFactory.createConnection(ConnectionFactory.java:231)
	at io.agroal.pool.ConnectionPool$CreateConnectionTask.call(ConnectionPool.java:545)
	at io.agroal.pool.ConnectionPool$CreateConnectionTask.call(ConnectionPool.java:526)
	at java.base/java.util.concurrent.FutureTask.run(FutureTask.java:264)
	at io.agroal.pool.util.PriorityScheduledExecutor.beforeExecute(PriorityScheduledExecutor.java:75)
	at java.base/java.util.concurrent.ThreadPoolExecutor.runWorker(ThreadPoolExecutor.java:1134)
	at java.base/java.util.concurrent.ThreadPoolExecutor$Worker.run(ThreadPoolExecutor.java:635)
	at java.base/java.lang.Thread.run(Thread.java:840)
Caused by: java.net.ConnectException: Connection refused
	at java.base/sun.nio.ch.Net.pollConnect(Native Method)
	at java.base/sun.nio.ch.Net.pollConnectNow(Net.java:672)
	at java.base/sun.nio.ch.NioSocketImpl.timedFinishConnect(NioSocketImpl.java:547)
	at java.base/sun.nio.ch.NioSocketImpl.connect(NioSocketImpl.java:602)
	at java.base/java.net.SocksSocketImpl.connect(SocksSocketImpl.java:327)
	at java.base/java.net.Socket.connect(Socket.java:633)
	at org.postgresql.core.PGStream.createSocket(PGStream.java:243)
	at org.postgresql.core.PGStream.<init>(PGStream.java:98)
	at org.postgresql.core.v3.ConnectionFactoryImpl.tryConnect(ConnectionFactoryImpl.java:136)
	at org.postgresql.core.v3.ConnectionFactoryImpl.openConnectionImpl(ConnectionFactoryImpl.java:262)
	... 17 more

2025-08-07 20:35:34,726 WARN  [io.agroal.pool] (agroal-11) Datasource '<default>': Connection to purebliss-postgres:5432 refused. Check that the hostname and port are correct and that the postmaster is accepting TCP/IP connections.
2025-08-07 20:35:34,727 WARN  [org.hibernate.engine.jdbc.spi.SqlExceptionHelper] (Timer-0) SQL Error: 0, SQLState: 08001
2025-08-07 20:35:34,727 ERROR [org.hibernate.engine.jdbc.spi.SqlExceptionHelper] (Timer-0) Connection to purebliss-postgres:5432 refused. Check that the hostname and port are correct and that the postmaster is accepting TCP/IP connections.
2025-08-07 20:35:34,728 ERROR [org.keycloak.services.scheduled.ScheduledTaskRunner] (Timer-0) Failed to run scheduled task ClearExpiredAdminEvents: org.hibernate.exception.JDBCConnectionException: Unable to acquire JDBC Connection [Connection to purebliss-postgres:5432 refused. Check that the hostname and port are correct and that the postmaster is accepting TCP/IP connections.] [n/a]
	at org.hibernate.exception.internal.SQLStateConversionDelegate.convert(SQLStateConversionDelegate.java:100)
	at org.hibernate.exception.internal.StandardSQLExceptionConverter.convert(StandardSQLExceptionConverter.java:58)
	at org.hibernate.engine.jdbc.spi.SqlExceptionHelper.convert(SqlExceptionHelper.java:108)
	at org.hibernate.engine.jdbc.spi.SqlExceptionHelper.convert(SqlExceptionHelper.java:94)
	at org.hibernate.resource.jdbc.internal.LogicalConnectionManagedImpl.acquireConnectionIfNeeded(LogicalConnectionManagedImpl.java:116)
	at org.hibernate.resource.jdbc.internal.LogicalConnectionManagedImpl.getPhysicalConnection(LogicalConnectionManagedImpl.java:143)
	at org.hibernate.engine.jdbc.internal.StatementPreparerImpl.connection(StatementPreparerImpl.java:54)
	at org.hibernate.engine.jdbc.internal.StatementPreparerImpl$5.doPrepare(StatementPreparerImpl.java:153)
	at org.hibernate.engine.jdbc.internal.StatementPreparerImpl$StatementPreparationTemplate.prepareStatement(StatementPreparerImpl.java:183)
	at org.hibernate.engine.jdbc.internal.StatementPreparerImpl.prepareQueryStatement(StatementPreparerImpl.java:155)
	at org.hibernate.sql.exec.spi.JdbcSelectExecutor.lambda$scroll$1(JdbcSelectExecutor.java:102)
	at org.hibernate.sql.results.jdbc.internal.DeferredResultSetAccess.executeQuery(DeferredResultSetAccess.java:231)
	at org.hibernate.sql.results.jdbc.internal.DeferredResultSetAccess.getResultSet(DeferredResultSetAccess.java:167)
	at org.hibernate.sql.results.jdbc.internal.JdbcValuesResultSetImpl.advanceNext(JdbcValuesResultSetImpl.java:218)
	at org.hibernate.sql.results.jdbc.internal.JdbcValuesResultSetImpl.processNext(JdbcValuesResultSetImpl.java:98)
	at org.hibernate.sql.results.jdbc.internal.AbstractJdbcValues.next(AbstractJdbcValues.java:19)
	at org.hibernate.sql.results.internal.RowProcessingStateStandardImpl.next(RowProcessingStateStandardImpl.java:66)
	at org.hibernate.internal.ScrollableResultsImpl.next(ScrollableResultsImpl.java:51)
	at org.hibernate.query.internal.ScrollableResultsIterator.hasNext(ScrollableResultsIterator.java:33)
	at java.base/java.util.Iterator.forEachRemaining(Iterator.java:132)
	at java.base/java.util.Spliterators$IteratorSpliterator.forEachRemaining(Spliterators.java:1845)
	at java.base/java.util.stream.AbstractPipeline.copyInto(AbstractPipeline.java:509)
	at java.base/java.util.stream.AbstractPipeline.wrapAndCopyInto(AbstractPipeline.java:499)
	at java.base/java.util.stream.ReduceOps$ReduceOp.evaluateSequential(ReduceOps.java:921)
	at java.base/java.util.stream.AbstractPipeline.evaluate(AbstractPipeline.java:234)
	at java.base/java.util.stream.ReferencePipeline.collect(ReferencePipeline.java:682)
	at org.keycloak.events.jpa.JpaEventStoreProvider.clearExpiredAdminEvents(JpaEventStoreProvider.java:265)
	at org.keycloak.events.jpa.JpaEventStoreProviderFactory.invalidate(JpaEventStoreProviderFactory.java:63)
	at org.keycloak.services.DefaultKeycloakSessionFactory.lambda$invalidate$0(DefaultKeycloakSessionFactory.java:367)
	at java.base/java.util.stream.ForEachOps$ForEachOp$OfRef.accept(ForEachOps.java:183)
	at java.base/java.util.stream.ReferencePipeline$3$1.accept(ReferencePipeline.java:197)
	at java.base/java.util.stream.ReferencePipeline$2$1.accept(ReferencePipeline.java:179)
	at java.base/java.util.HashMap$ValueSpliterator.forEachRemaining(HashMap.java:1779)
	at java.base/java.util.stream.ReferencePipeline$Head.forEach(ReferencePipeline.java:762)
	at java.base/java.util.stream.ReferencePipeline$7$1.accept(ReferencePipeline.java:276)
	at java.base/java.util.stream.ReferencePipeline$3$1.accept(ReferencePipeline.java:197)
	at java.base/java.util.HashMap$ValueSpliterator.forEachRemaining(HashMap.java:1779)
	at java.base/java.util.stream.AbstractPipeline.copyInto(AbstractPipeline.java:509)
	at java.base/java.util.stream.AbstractPipeline.wrapAndCopyInto(AbstractPipeline.java:499)
	at java.base/java.util.stream.ForEachOps$ForEachOp.evaluateSequential(ForEachOps.java:150)
	at java.base/java.util.stream.ForEachOps$ForEachOp$OfRef.evaluateSequential(ForEachOps.java:173)
	at java.base/java.util.stream.AbstractPipeline.evaluate(AbstractPipeline.java:234)
	at java.base/java.util.stream.ReferencePipeline.forEach(ReferencePipeline.java:596)
	at org.keycloak.services.DefaultKeycloakSessionFactory.invalidate(DefaultKeycloakSessionFactory.java:367)
	at org.keycloak.services.DefaultKeycloakSession.invalidate(DefaultKeycloakSession.java:108)
	at org.keycloak.services.scheduled.ClearExpiredAdminEvents.run(ClearExpiredAdminEvents.java:33)
	at org.keycloak.services.scheduled.ClusterAwareScheduledTaskRunner$1.call(ClusterAwareScheduledTaskRunner.java:56)
	at org.keycloak.services.scheduled.ClusterAwareScheduledTaskRunner$1.call(ClusterAwareScheduledTaskRunner.java:52)
	at org.keycloak.cluster.infinispan.InfinispanClusterProvider.executeIfNotExecuted(InfinispanClusterProvider.java:78)
	at org.keycloak.services.scheduled.ClusterAwareScheduledTaskRunner.runTask(ClusterAwareScheduledTaskRunner.java:52)
	at org.keycloak.services.scheduled.ScheduledTaskRunner.lambda$run$0(ScheduledTaskRunner.java:59)
	at org.keycloak.models.utils.KeycloakModelUtils.lambda$runJobInTransaction$1(KeycloakModelUtils.java:257)
	at org.keycloak.models.utils.KeycloakModelUtils.runJobInTransactionWithResult(KeycloakModelUtils.java:379)
	at org.keycloak.models.utils.KeycloakModelUtils.runJobInTransaction(KeycloakModelUtils.java:256)
	at org.keycloak.services.scheduled.ScheduledTaskRunner.run(ScheduledTaskRunner.java:53)
	at org.keycloak.timer.basic.BasicTimerProvider$1.run(BasicTimerProvider.java:53)
	at java.base/java.util.TimerThread.mainLoop(Timer.java:566)
	at java.base/java.util.TimerThread.run(Timer.java:516)
Caused by: org.postgresql.util.PSQLException: Connection to purebliss-postgres:5432 refused. Check that the hostname and port are correct and that the postmaster is accepting TCP/IP connections.
	at org.postgresql.core.v3.ConnectionFactoryImpl.openConnectionImpl(ConnectionFactoryImpl.java:346)
	at org.postgresql.core.ConnectionFactory.openConnection(ConnectionFactory.java:54)
	at org.postgresql.jdbc.PgConnection.<init>(PgConnection.java:273)
	at org.postgresql.Driver.makeConnection(Driver.java:446)
	at org.postgresql.Driver.connect(Driver.java:298)
	at java.sql/java.sql.DriverManager.getConnection(DriverManager.java:681)
	at java.sql/java.sql.DriverManager.getConnection(DriverManager.java:229)
	at org.postgresql.ds.common.BaseDataSource.getConnection(BaseDataSource.java:104)
	at org.postgresql.xa.PGXADataSource.getXAConnection(PGXADataSource.java:52)
	at org.postgresql.xa.PGXADataSource.getXAConnection(PGXADataSource.java:37)
	at io.agroal.pool.ConnectionFactory.createConnection(ConnectionFactory.java:231)
	at io.agroal.pool.ConnectionPool$CreateConnectionTask.call(ConnectionPool.java:545)
	at io.agroal.pool.ConnectionPool$CreateConnectionTask.call(ConnectionPool.java:526)
	at java.base/java.util.concurrent.FutureTask.run(FutureTask.java:264)
	at io.agroal.pool.util.PriorityScheduledExecutor.beforeExecute(PriorityScheduledExecutor.java:75)
	at java.base/java.util.concurrent.ThreadPoolExecutor.runWorker(ThreadPoolExecutor.java:1134)
	at java.base/java.util.concurrent.ThreadPoolExecutor$Worker.run(ThreadPoolExecutor.java:635)
	at java.base/java.lang.Thread.run(Thread.java:840)
Caused by: java.net.ConnectException: Connection refused
	at java.base/sun.nio.ch.Net.pollConnect(Native Method)
	at java.base/sun.nio.ch.Net.pollConnectNow(Net.java:672)
	at java.base/sun.nio.ch.NioSocketImpl.timedFinishConnect(NioSocketImpl.java:547)
	at java.base/sun.nio.ch.NioSocketImpl.connect(NioSocketImpl.java:602)
	at java.base/java.net.SocksSocketImpl.connect(SocksSocketImpl.java:327)
	at java.base/java.net.Socket.connect(Socket.java:633)
	at org.postgresql.core.PGStream.createSocket(PGStream.java:243)
	at org.postgresql.core.PGStream.<init>(PGStream.java:98)
	at org.postgresql.core.v3.ConnectionFactoryImpl.tryConnect(ConnectionFactoryImpl.java:136)
	at org.postgresql.core.v3.ConnectionFactoryImpl.openConnectionImpl(ConnectionFactoryImpl.java:262)
	... 17 more

2025-08-07 20:35:34,770 WARN  [io.agroal.pool] (agroal-11) Datasource '<default>': Connection to purebliss-postgres:5432 refused. Check that the hostname and port are correct and that the postmaster is accepting TCP/IP connections.
2025-08-07 20:35:34,771 WARN  [org.hibernate.engine.jdbc.spi.SqlExceptionHelper] (Timer-0) SQL Error: 0, SQLState: 08001
2025-08-07 20:35:34,771 ERROR [org.hibernate.engine.jdbc.spi.SqlExceptionHelper] (Timer-0) Connection to purebliss-postgres:5432 refused. Check that the hostname and port are correct and that the postmaster is accepting TCP/IP connections.
2025-08-07 20:35:34,772 ERROR [org.keycloak.services.scheduled.ScheduledTaskRunner] (Timer-0) Failed to run scheduled task ClearExpiredClientInitialAccessTokens: org.hibernate.exception.JDBCConnectionException: Unable to acquire JDBC Connection [Connection to purebliss-postgres:5432 refused. Check that the hostname and port are correct and that the postmaster is accepting TCP/IP connections.] [n/a]
	at org.hibernate.exception.internal.SQLStateConversionDelegate.convert(SQLStateConversionDelegate.java:100)
	at org.hibernate.exception.internal.StandardSQLExceptionConverter.convert(StandardSQLExceptionConverter.java:58)
	at org.hibernate.engine.jdbc.spi.SqlExceptionHelper.convert(SqlExceptionHelper.java:108)
	at org.hibernate.engine.jdbc.spi.SqlExceptionHelper.convert(SqlExceptionHelper.java:94)
	at org.hibernate.resource.jdbc.internal.LogicalConnectionManagedImpl.acquireConnectionIfNeeded(LogicalConnectionManagedImpl.java:116)
	at org.hibernate.resource.jdbc.internal.LogicalConnectionManagedImpl.getPhysicalConnection(LogicalConnectionManagedImpl.java:143)
	at org.hibernate.engine.jdbc.internal.StatementPreparerImpl.connection(StatementPreparerImpl.java:54)
	at org.hibernate.engine.jdbc.internal.StatementPreparerImpl$1.doPrepare(StatementPreparerImpl.java:94)
	at org.hibernate.engine.jdbc.internal.StatementPreparerImpl$StatementPreparationTemplate.prepareStatement(StatementPreparerImpl.java:183)
	at org.hibernate.engine.jdbc.internal.StatementPreparerImpl.prepareStatement(StatementPreparerImpl.java:79)
	at org.hibernate.query.sqm.internal.SimpleDeleteQueryPlan.lambda$executeUpdate$2(SimpleDeleteQueryPlan.java:197)
	at org.hibernate.sql.exec.internal.StandardJdbcMutationExecutor.execute(StandardJdbcMutationExecutor.java:64)
	at org.hibernate.query.sqm.internal.SimpleDeleteQueryPlan.executeUpdate(SimpleDeleteQueryPlan.java:191)
	at org.hibernate.query.sqm.internal.QuerySqmImpl.doExecuteUpdate(QuerySqmImpl.java:705)
	at org.hibernate.query.sqm.internal.QuerySqmImpl.executeUpdate(QuerySqmImpl.java:675)
	at org.keycloak.models.jpa.JpaRealmProvider.removeExpiredClientInitialAccess(JpaRealmProvider.java:1167)
	at org.keycloak.models.cache.infinispan.RealmCacheSession.removeExpiredClientInitialAccess(RealmCacheSession.java:1483)
	at org.keycloak.services.scheduled.ClearExpiredClientInitialAccessTokens.run(ClearExpiredClientInitialAccessTokens.java:30)
	at org.keycloak.services.scheduled.ClusterAwareScheduledTaskRunner$1.call(ClusterAwareScheduledTaskRunner.java:56)
	at org.keycloak.services.scheduled.ClusterAwareScheduledTaskRunner$1.call(ClusterAwareScheduledTaskRunner.java:52)
	at org.keycloak.cluster.infinispan.InfinispanClusterProvider.executeIfNotExecuted(InfinispanClusterProvider.java:78)
	at org.keycloak.services.scheduled.ClusterAwareScheduledTaskRunner.runTask(ClusterAwareScheduledTaskRunner.java:52)
	at org.keycloak.services.scheduled.ScheduledTaskRunner.lambda$run$0(ScheduledTaskRunner.java:59)
	at org.keycloak.models.utils.KeycloakModelUtils.lambda$runJobInTransaction$1(KeycloakModelUtils.java:257)
	at org.keycloak.models.utils.KeycloakModelUtils.runJobInTransactionWithResult(KeycloakModelUtils.java:379)
	at org.keycloak.models.utils.KeycloakModelUtils.runJobInTransaction(KeycloakModelUtils.java:256)
	at org.keycloak.services.scheduled.ScheduledTaskRunner.run(ScheduledTaskRunner.java:53)
	at org.keycloak.timer.basic.BasicTimerProvider$1.run(BasicTimerProvider.java:53)
	at java.base/java.util.TimerThread.mainLoop(Timer.java:566)
	at java.base/java.util.TimerThread.run(Timer.java:516)
Caused by: org.postgresql.util.PSQLException: Connection to purebliss-postgres:5432 refused. Check that the hostname and port are correct and that the postmaster is accepting TCP/IP connections.
	at org.postgresql.core.v3.ConnectionFactoryImpl.openConnectionImpl(ConnectionFactoryImpl.java:346)
	at org.postgresql.core.ConnectionFactory.openConnection(ConnectionFactory.java:54)
	at org.postgresql.jdbc.PgConnection.<init>(PgConnection.java:273)
	at org.postgresql.Driver.makeConnection(Driver.java:446)
	at org.postgresql.Driver.connect(Driver.java:298)
	at java.sql/java.sql.DriverManager.getConnection(DriverManager.java:681)
	at java.sql/java.sql.DriverManager.getConnection(DriverManager.java:229)
	at org.postgresql.ds.common.BaseDataSource.getConnection(BaseDataSource.java:104)
	at org.postgresql.xa.PGXADataSource.getXAConnection(PGXADataSource.java:52)
	at org.postgresql.xa.PGXADataSource.getXAConnection(PGXADataSource.java:37)
	at io.agroal.pool.ConnectionFactory.createConnection(ConnectionFactory.java:231)
	at io.agroal.pool.ConnectionPool$CreateConnectionTask.call(ConnectionPool.java:545)
	at io.agroal.pool.ConnectionPool$CreateConnectionTask.call(ConnectionPool.java:526)
	at java.base/java.util.concurrent.FutureTask.run(FutureTask.java:264)
	at io.agroal.pool.util.PriorityScheduledExecutor.beforeExecute(PriorityScheduledExecutor.java:75)
	at java.base/java.util.concurrent.ThreadPoolExecutor.runWorker(ThreadPoolExecutor.java:1134)
	at java.base/java.util.concurrent.ThreadPoolExecutor$Worker.run(ThreadPoolExecutor.java:635)
	at java.base/java.lang.Thread.run(Thread.java:840)
Caused by: java.net.ConnectException: Connection refused
	at java.base/sun.nio.ch.Net.pollConnect(Native Method)
	at java.base/sun.nio.ch.Net.pollConnectNow(Net.java:672)
	at java.base/sun.nio.ch.NioSocketImpl.timedFinishConnect(NioSocketImpl.java:547)
	at java.base/sun.nio.ch.NioSocketImpl.connect(NioSocketImpl.java:602)
	at java.base/java.net.SocksSocketImpl.connect(SocksSocketImpl.java:327)
	at java.base/java.net.Socket.connect(Socket.java:633)
	at org.postgresql.core.PGStream.createSocket(PGStream.java:243)
	at org.postgresql.core.PGStream.<init>(PGStream.java:98)
	at org.postgresql.core.v3.ConnectionFactoryImpl.tryConnect(ConnectionFactoryImpl.java:136)
	at org.postgresql.core.v3.ConnectionFactoryImpl.openConnectionImpl(ConnectionFactoryImpl.java:262)
	... 17 more

2025-08-07 20:50:34,624 WARN  [io.agroal.pool] (agroal-11) Datasource '<default>': Connection to purebliss-postgres:5432 refused. Check that the hostname and port are correct and that the postmaster is accepting TCP/IP connections.
2025-08-07 20:50:34,624 WARN  [org.hibernate.engine.jdbc.spi.SqlExceptionHelper] (Timer-0) SQL Error: 0, SQLState: 08001
2025-08-07 20:50:34,624 ERROR [org.hibernate.engine.jdbc.spi.SqlExceptionHelper] (Timer-0) Connection to purebliss-postgres:5432 refused. Check that the hostname and port are correct and that the postmaster is accepting TCP/IP connections.
2025-08-07 20:50:34,625 ERROR [org.keycloak.services.scheduled.ScheduledTaskRunner] (Timer-0) Failed to run scheduled task ClearExpiredEvents: org.hibernate.exception.JDBCConnectionException: Unable to acquire JDBC Connection [Connection to purebliss-postgres:5432 refused. Check that the hostname and port are correct and that the postmaster is accepting TCP/IP connections.] [n/a]
	at org.hibernate.exception.internal.SQLStateConversionDelegate.convert(SQLStateConversionDelegate.java:100)
	at org.hibernate.exception.internal.StandardSQLExceptionConverter.convert(StandardSQLExceptionConverter.java:58)
	at org.hibernate.engine.jdbc.spi.SqlExceptionHelper.convert(SqlExceptionHelper.java:108)
	at org.hibernate.engine.jdbc.spi.SqlExceptionHelper.convert(SqlExceptionHelper.java:94)
	at org.hibernate.resource.jdbc.internal.LogicalConnectionManagedImpl.acquireConnectionIfNeeded(LogicalConnectionManagedImpl.java:116)
	at org.hibernate.resource.jdbc.internal.LogicalConnectionManagedImpl.getPhysicalConnection(LogicalConnectionManagedImpl.java:143)
	at org.hibernate.engine.jdbc.internal.StatementPreparerImpl.connection(StatementPreparerImpl.java:54)
	at org.hibernate.engine.jdbc.internal.StatementPreparerImpl$5.doPrepare(StatementPreparerImpl.java:153)
	at org.hibernate.engine.jdbc.internal.StatementPreparerImpl$StatementPreparationTemplate.prepareStatement(StatementPreparerImpl.java:183)
	at org.hibernate.engine.jdbc.internal.StatementPreparerImpl.prepareQueryStatement(StatementPreparerImpl.java:155)
	at org.hibernate.sql.exec.spi.JdbcSelectExecutor.lambda$list$0(JdbcSelectExecutor.java:85)
	at org.hibernate.sql.results.jdbc.internal.DeferredResultSetAccess.executeQuery(DeferredResultSetAccess.java:231)
	at org.hibernate.sql.results.jdbc.internal.DeferredResultSetAccess.getResultSet(DeferredResultSetAccess.java:167)
	at org.hibernate.sql.results.jdbc.internal.JdbcValuesResultSetImpl.advanceNext(JdbcValuesResultSetImpl.java:218)
	at org.hibernate.sql.results.jdbc.internal.JdbcValuesResultSetImpl.processNext(JdbcValuesResultSetImpl.java:98)
	at org.hibernate.sql.results.jdbc.internal.AbstractJdbcValues.next(AbstractJdbcValues.java:19)
	at org.hibernate.sql.results.internal.RowProcessingStateStandardImpl.next(RowProcessingStateStandardImpl.java:66)
	at org.hibernate.sql.results.spi.ListResultsConsumer.consume(ListResultsConsumer.java:202)
	at org.hibernate.sql.results.spi.ListResultsConsumer.consume(ListResultsConsumer.java:33)
	at org.hibernate.sql.exec.internal.JdbcSelectExecutorStandardImpl.doExecuteQuery(JdbcSelectExecutorStandardImpl.java:209)
	at org.hibernate.sql.exec.internal.JdbcSelectExecutorStandardImpl.executeQuery(JdbcSelectExecutorStandardImpl.java:83)
	at org.hibernate.sql.exec.spi.JdbcSelectExecutor.list(JdbcSelectExecutor.java:76)
	at org.hibernate.sql.exec.spi.JdbcSelectExecutor.list(JdbcSelectExecutor.java:65)
	at org.hibernate.query.sqm.internal.ConcreteSqmSelectQueryPlan.lambda$new$2(ConcreteSqmSelectQueryPlan.java:137)
	at org.hibernate.query.sqm.internal.ConcreteSqmSelectQueryPlan.withCacheableSqmInterpretation(ConcreteSqmSelectQueryPlan.java:362)
	at org.hibernate.query.sqm.internal.ConcreteSqmSelectQueryPlan.performList(ConcreteSqmSelectQueryPlan.java:303)
	at org.hibernate.query.sqm.internal.QuerySqmImpl.doList(QuerySqmImpl.java:509)
	at org.hibernate.query.spi.AbstractSelectionQuery.list(AbstractSelectionQuery.java:427)
	at org.hibernate.query.Query.getResultList(Query.java:120)
	at org.keycloak.events.jpa.JpaEventStoreProvider.clearExpiredEvents(JpaEventStoreProvider.java:94)
	at org.keycloak.services.scheduled.ClearExpiredEvents.run(ClearExpiredEvents.java:39)
	at org.keycloak.services.scheduled.ClusterAwareScheduledTaskRunner$1.call(ClusterAwareScheduledTaskRunner.java:56)
	at org.keycloak.services.scheduled.ClusterAwareScheduledTaskRunner$1.call(ClusterAwareScheduledTaskRunner.java:52)
	at org.keycloak.cluster.infinispan.InfinispanClusterProvider.executeIfNotExecuted(InfinispanClusterProvider.java:78)
	at org.keycloak.services.scheduled.ClusterAwareScheduledTaskRunner.runTask(ClusterAwareScheduledTaskRunner.java:52)
	at org.keycloak.services.scheduled.ScheduledTaskRunner.lambda$run$0(ScheduledTaskRunner.java:59)
	at org.keycloak.models.utils.KeycloakModelUtils.lambda$runJobInTransaction$1(KeycloakModelUtils.java:257)
	at org.keycloak.models.utils.KeycloakModelUtils.runJobInTransactionWithResult(KeycloakModelUtils.java:379)
	at org.keycloak.models.utils.KeycloakModelUtils.runJobInTransaction(KeycloakModelUtils.java:256)
	at org.keycloak.services.scheduled.ScheduledTaskRunner.run(ScheduledTaskRunner.java:53)
	at org.keycloak.timer.basic.BasicTimerProvider$1.run(BasicTimerProvider.java:53)
	at java.base/java.util.TimerThread.mainLoop(Timer.java:566)
	at java.base/java.util.TimerThread.run(Timer.java:516)
Caused by: org.postgresql.util.PSQLException: Connection to purebliss-postgres:5432 refused. Check that the hostname and port are correct and that the postmaster is accepting TCP/IP connections.
	at org.postgresql.core.v3.ConnectionFactoryImpl.openConnectionImpl(ConnectionFactoryImpl.java:346)
	at org.postgresql.core.ConnectionFactory.openConnection(ConnectionFactory.java:54)
	at org.postgresql.jdbc.PgConnection.<init>(PgConnection.java:273)
	at org.postgresql.Driver.makeConnection(Driver.java:446)
	at org.postgresql.Driver.connect(Driver.java:298)
	at java.sql/java.sql.DriverManager.getConnection(DriverManager.java:681)
	at java.sql/java.sql.DriverManager.getConnection(DriverManager.java:229)
	at org.postgresql.ds.common.BaseDataSource.getConnection(BaseDataSource.java:104)
	at org.postgresql.xa.PGXADataSource.getXAConnection(PGXADataSource.java:52)
	at org.postgresql.xa.PGXADataSource.getXAConnection(PGXADataSource.java:37)
	at io.agroal.pool.ConnectionFactory.createConnection(ConnectionFactory.java:231)
	at io.agroal.pool.ConnectionPool$CreateConnectionTask.call(ConnectionPool.java:545)
	at io.agroal.pool.ConnectionPool$CreateConnectionTask.call(ConnectionPool.java:526)
	at java.base/java.util.concurrent.FutureTask.run(FutureTask.java:264)
	at io.agroal.pool.util.PriorityScheduledExecutor.beforeExecute(PriorityScheduledExecutor.java:75)
	at java.base/java.util.concurrent.ThreadPoolExecutor.runWorker(ThreadPoolExecutor.java:1134)
	at java.base/java.util.concurrent.ThreadPoolExecutor$Worker.run(ThreadPoolExecutor.java:635)
	at java.base/java.lang.Thread.run(Thread.java:840)
Caused by: java.net.ConnectException: Connection refused
	at java.base/sun.nio.ch.Net.pollConnect(Native Method)
	at java.base/sun.nio.ch.Net.pollConnectNow(Net.java:672)
	at java.base/sun.nio.ch.NioSocketImpl.timedFinishConnect(NioSocketImpl.java:547)
	at java.base/sun.nio.ch.NioSocketImpl.connect(NioSocketImpl.java:602)
	at java.base/java.net.SocksSocketImpl.connect(SocksSocketImpl.java:327)
	at java.base/java.net.Socket.connect(Socket.java:633)
	at org.postgresql.core.PGStream.createSocket(PGStream.java:243)
	at org.postgresql.core.PGStream.<init>(PGStream.java:98)
	at org.postgresql.core.v3.ConnectionFactoryImpl.tryConnect(ConnectionFactoryImpl.java:136)
	at org.postgresql.core.v3.ConnectionFactoryImpl.openConnectionImpl(ConnectionFactoryImpl.java:262)
	... 17 more

2025-08-07 20:50:34,680 WARN  [io.agroal.pool] (agroal-11) Datasource '<default>': Connection to purebliss-postgres:5432 refused. Check that the hostname and port are correct and that the postmaster is accepting TCP/IP connections.
2025-08-07 20:50:34,681 WARN  [org.hibernate.engine.jdbc.spi.SqlExceptionHelper] (Timer-0) SQL Error: 0, SQLState: 08001
2025-08-07 20:50:34,681 ERROR [org.hibernate.engine.jdbc.spi.SqlExceptionHelper] (Timer-0) Connection to purebliss-postgres:5432 refused. Check that the hostname and port are correct and that the postmaster is accepting TCP/IP connections.
2025-08-07 20:50:34,682 ERROR [org.keycloak.services.scheduled.ScheduledTaskRunner] (Timer-0) Failed to run scheduled task ClearExpiredUserSessions: org.hibernate.exception.JDBCConnectionException: Unable to acquire JDBC Connection [Connection to purebliss-postgres:5432 refused. Check that the hostname and port are correct and that the postmaster is accepting TCP/IP connections.] [n/a]
	at org.hibernate.exception.internal.SQLStateConversionDelegate.convert(SQLStateConversionDelegate.java:100)
	at org.hibernate.exception.internal.StandardSQLExceptionConverter.convert(StandardSQLExceptionConverter.java:58)
	at org.hibernate.engine.jdbc.spi.SqlExceptionHelper.convert(SqlExceptionHelper.java:108)
	at org.hibernate.engine.jdbc.spi.SqlExceptionHelper.convert(SqlExceptionHelper.java:94)
	at org.hibernate.resource.jdbc.internal.LogicalConnectionManagedImpl.acquireConnectionIfNeeded(LogicalConnectionManagedImpl.java:116)
	at org.hibernate.resource.jdbc.internal.LogicalConnectionManagedImpl.getPhysicalConnection(LogicalConnectionManagedImpl.java:143)
	at org.hibernate.engine.jdbc.internal.StatementPreparerImpl.connection(StatementPreparerImpl.java:54)
	at org.hibernate.engine.jdbc.internal.StatementPreparerImpl$5.doPrepare(StatementPreparerImpl.java:153)
	at org.hibernate.engine.jdbc.internal.StatementPreparerImpl$StatementPreparationTemplate.prepareStatement(StatementPreparerImpl.java:183)
	at org.hibernate.engine.jdbc.internal.StatementPreparerImpl.prepareQueryStatement(StatementPreparerImpl.java:155)
	at org.hibernate.sql.exec.spi.JdbcSelectExecutor.lambda$scroll$1(JdbcSelectExecutor.java:102)
	at org.hibernate.sql.results.jdbc.internal.DeferredResultSetAccess.executeQuery(DeferredResultSetAccess.java:231)
	at org.hibernate.sql.results.jdbc.internal.DeferredResultSetAccess.getResultSet(DeferredResultSetAccess.java:167)
	at org.hibernate.sql.results.jdbc.internal.JdbcValuesResultSetImpl.advanceNext(JdbcValuesResultSetImpl.java:218)
	at org.hibernate.sql.results.jdbc.internal.JdbcValuesResultSetImpl.processNext(JdbcValuesResultSetImpl.java:98)
	at org.hibernate.sql.results.jdbc.internal.AbstractJdbcValues.next(AbstractJdbcValues.java:19)
	at org.hibernate.sql.results.internal.RowProcessingStateStandardImpl.next(RowProcessingStateStandardImpl.java:66)
	at org.hibernate.internal.ScrollableResultsImpl.next(ScrollableResultsImpl.java:51)
	at org.hibernate.query.internal.ScrollableResultsIterator.hasNext(ScrollableResultsIterator.java:33)
	at java.base/java.util.Iterator.forEachRemaining(Iterator.java:132)
	at java.base/java.util.Spliterators$IteratorSpliterator.forEachRemaining(Spliterators.java:1845)
	at java.base/java.util.stream.AbstractPipeline.copyInto(AbstractPipeline.java:509)
	at java.base/java.util.stream.AbstractPipeline.wrapAndCopyInto(AbstractPipeline.java:499)
	at java.base/java.util.stream.ForEachOps$ForEachOp.evaluateSequential(ForEachOps.java:150)
	at java.base/java.util.stream.ForEachOps$ForEachOp$OfRef.evaluateSequential(ForEachOps.java:173)
	at java.base/java.util.stream.AbstractPipeline.evaluate(AbstractPipeline.java:234)
	at java.base/java.util.stream.ReferencePipeline.forEach(ReferencePipeline.java:596)
	at org.keycloak.utils.ClosingStream.forEach(ClosingStream.java:128)
	at org.keycloak.models.sessions.infinispan.InfinispanUserSessionProvider.removeAllExpired(InfinispanUserSessionProvider.java:630)
	at org.keycloak.services.scheduled.ClearExpiredUserSessions.run(ClearExpiredUserSessions.java:39)
	at org.keycloak.services.scheduled.ClusterAwareScheduledTaskRunner$1.call(ClusterAwareScheduledTaskRunner.java:56)
	at org.keycloak.services.scheduled.ClusterAwareScheduledTaskRunner$1.call(ClusterAwareScheduledTaskRunner.java:52)
	at org.keycloak.cluster.infinispan.InfinispanClusterProvider.executeIfNotExecuted(InfinispanClusterProvider.java:78)
	at org.keycloak.services.scheduled.ClusterAwareScheduledTaskRunner.runTask(ClusterAwareScheduledTaskRunner.java:52)
	at org.keycloak.services.scheduled.ScheduledTaskRunner.lambda$run$0(ScheduledTaskRunner.java:59)
	at org.keycloak.models.utils.KeycloakModelUtils.lambda$runJobInTransaction$1(KeycloakModelUtils.java:257)
	at org.keycloak.models.utils.KeycloakModelUtils.runJobInTransactionWithResult(KeycloakModelUtils.java:379)
	at org.keycloak.models.utils.KeycloakModelUtils.runJobInTransaction(KeycloakModelUtils.java:256)
	at org.keycloak.services.scheduled.ScheduledTaskRunner.run(ScheduledTaskRunner.java:53)
	at org.keycloak.timer.basic.BasicTimerProvider$1.run(BasicTimerProvider.java:53)
	at java.base/java.util.TimerThread.mainLoop(Timer.java:566)
	at java.base/java.util.TimerThread.run(Timer.java:516)
Caused by: org.postgresql.util.PSQLException: Connection to purebliss-postgres:5432 refused. Check that the hostname and port are correct and that the postmaster is accepting TCP/IP connections.
	at org.postgresql.core.v3.ConnectionFactoryImpl.openConnectionImpl(ConnectionFactoryImpl.java:346)
	at org.postgresql.core.ConnectionFactory.openConnection(ConnectionFactory.java:54)
	at org.postgresql.jdbc.PgConnection.<init>(PgConnection.java:273)
	at org.postgresql.Driver.makeConnection(Driver.java:446)
	at org.postgresql.Driver.connect(Driver.java:298)
	at java.sql/java.sql.DriverManager.getConnection(DriverManager.java:681)
	at java.sql/java.sql.DriverManager.getConnection(DriverManager.java:229)
	at org.postgresql.ds.common.BaseDataSource.getConnection(BaseDataSource.java:104)
	at org.postgresql.xa.PGXADataSource.getXAConnection(PGXADataSource.java:52)
	at org.postgresql.xa.PGXADataSource.getXAConnection(PGXADataSource.java:37)
	at io.agroal.pool.ConnectionFactory.createConnection(ConnectionFactory.java:231)
	at io.agroal.pool.ConnectionPool$CreateConnectionTask.call(ConnectionPool.java:545)
	at io.agroal.pool.ConnectionPool$CreateConnectionTask.call(ConnectionPool.java:526)
	at java.base/java.util.concurrent.FutureTask.run(FutureTask.java:264)
	at io.agroal.pool.util.PriorityScheduledExecutor.beforeExecute(PriorityScheduledExecutor.java:75)
	at java.base/java.util.concurrent.ThreadPoolExecutor.runWorker(ThreadPoolExecutor.java:1134)
	at java.base/java.util.concurrent.ThreadPoolExecutor$Worker.run(ThreadPoolExecutor.java:635)
	at java.base/java.lang.Thread.run(Thread.java:840)
Caused by: java.net.ConnectException: Connection refused
	at java.base/sun.nio.ch.Net.pollConnect(Native Method)
	at java.base/sun.nio.ch.Net.pollConnectNow(Net.java:672)
	at java.base/sun.nio.ch.NioSocketImpl.timedFinishConnect(NioSocketImpl.java:547)
	at java.base/sun.nio.ch.NioSocketImpl.connect(NioSocketImpl.java:602)
	at java.base/java.net.SocksSocketImpl.connect(SocksSocketImpl.java:327)
	at java.base/java.net.Socket.connect(Socket.java:633)
	at org.postgresql.core.PGStream.createSocket(PGStream.java:243)
	at org.postgresql.core.PGStream.<init>(PGStream.java:98)
	at org.postgresql.core.v3.ConnectionFactoryImpl.tryConnect(ConnectionFactoryImpl.java:136)
	at org.postgresql.core.v3.ConnectionFactoryImpl.openConnectionImpl(ConnectionFactoryImpl.java:262)
	... 17 more

2025-08-07 20:50:34,725 WARN  [io.agroal.pool] (agroal-11) Datasource '<default>': Connection to purebliss-postgres:5432 refused. Check that the hostname and port are correct and that the postmaster is accepting TCP/IP connections.
2025-08-07 20:50:34,725 WARN  [org.hibernate.engine.jdbc.spi.SqlExceptionHelper] (Timer-0) SQL Error: 0, SQLState: 08001
2025-08-07 20:50:34,726 ERROR [org.hibernate.engine.jdbc.spi.SqlExceptionHelper] (Timer-0) Connection to purebliss-postgres:5432 refused. Check that the hostname and port are correct and that the postmaster is accepting TCP/IP connections.
2025-08-07 20:50:34,726 ERROR [org.keycloak.services.scheduled.ScheduledTaskRunner] (Timer-0) Failed to run scheduled task ClearExpiredAdminEvents: org.hibernate.exception.JDBCConnectionException: Unable to acquire JDBC Connection [Connection to purebliss-postgres:5432 refused. Check that the hostname and port are correct and that the postmaster is accepting TCP/IP connections.] [n/a]
	at org.hibernate.exception.internal.SQLStateConversionDelegate.convert(SQLStateConversionDelegate.java:100)
	at org.hibernate.exception.internal.StandardSQLExceptionConverter.convert(StandardSQLExceptionConverter.java:58)
	at org.hibernate.engine.jdbc.spi.SqlExceptionHelper.convert(SqlExceptionHelper.java:108)
	at org.hibernate.engine.jdbc.spi.SqlExceptionHelper.convert(SqlExceptionHelper.java:94)
	at org.hibernate.resource.jdbc.internal.LogicalConnectionManagedImpl.acquireConnectionIfNeeded(LogicalConnectionManagedImpl.java:116)
	at org.hibernate.resource.jdbc.internal.LogicalConnectionManagedImpl.getPhysicalConnection(LogicalConnectionManagedImpl.java:143)
	at org.hibernate.engine.jdbc.internal.StatementPreparerImpl.connection(StatementPreparerImpl.java:54)
	at org.hibernate.engine.jdbc.internal.StatementPreparerImpl$5.doPrepare(StatementPreparerImpl.java:153)
	at org.hibernate.engine.jdbc.internal.StatementPreparerImpl$StatementPreparationTemplate.prepareStatement(StatementPreparerImpl.java:183)
	at org.hibernate.engine.jdbc.internal.StatementPreparerImpl.prepareQueryStatement(StatementPreparerImpl.java:155)
	at org.hibernate.sql.exec.spi.JdbcSelectExecutor.lambda$scroll$1(JdbcSelectExecutor.java:102)
	at org.hibernate.sql.results.jdbc.internal.DeferredResultSetAccess.executeQuery(DeferredResultSetAccess.java:231)
	at org.hibernate.sql.results.jdbc.internal.DeferredResultSetAccess.getResultSet(DeferredResultSetAccess.java:167)
	at org.hibernate.sql.results.jdbc.internal.JdbcValuesResultSetImpl.advanceNext(JdbcValuesResultSetImpl.java:218)
	at org.hibernate.sql.results.jdbc.internal.JdbcValuesResultSetImpl.processNext(JdbcValuesResultSetImpl.java:98)
	at org.hibernate.sql.results.jdbc.internal.AbstractJdbcValues.next(AbstractJdbcValues.java:19)
	at org.hibernate.sql.results.internal.RowProcessingStateStandardImpl.next(RowProcessingStateStandardImpl.java:66)
	at org.hibernate.internal.ScrollableResultsImpl.next(ScrollableResultsImpl.java:51)
	at org.hibernate.query.internal.ScrollableResultsIterator.hasNext(ScrollableResultsIterator.java:33)
	at java.base/java.util.Iterator.forEachRemaining(Iterator.java:132)
	at java.base/java.util.Spliterators$IteratorSpliterator.forEachRemaining(Spliterators.java:1845)
	at java.base/java.util.stream.AbstractPipeline.copyInto(AbstractPipeline.java:509)
	at java.base/java.util.stream.AbstractPipeline.wrapAndCopyInto(AbstractPipeline.java:499)
	at java.base/java.util.stream.ReduceOps$ReduceOp.evaluateSequential(ReduceOps.java:921)
	at java.base/java.util.stream.AbstractPipeline.evaluate(AbstractPipeline.java:234)
	at java.base/java.util.stream.ReferencePipeline.collect(ReferencePipeline.java:682)
	at org.keycloak.events.jpa.JpaEventStoreProvider.clearExpiredAdminEvents(JpaEventStoreProvider.java:265)
	at org.keycloak.events.jpa.JpaEventStoreProviderFactory.invalidate(JpaEventStoreProviderFactory.java:63)
	at org.keycloak.services.DefaultKeycloakSessionFactory.lambda$invalidate$0(DefaultKeycloakSessionFactory.java:367)
	at java.base/java.util.stream.ForEachOps$ForEachOp$OfRef.accept(ForEachOps.java:183)
	at java.base/java.util.stream.ReferencePipeline$3$1.accept(ReferencePipeline.java:197)
	at java.base/java.util.stream.ReferencePipeline$2$1.accept(ReferencePipeline.java:179)
	at java.base/java.util.HashMap$ValueSpliterator.forEachRemaining(HashMap.java:1779)
	at java.base/java.util.stream.ReferencePipeline$Head.forEach(ReferencePipeline.java:762)
	at java.base/java.util.stream.ReferencePipeline$7$1.accept(ReferencePipeline.java:276)
	at java.base/java.util.stream.ReferencePipeline$3$1.accept(ReferencePipeline.java:197)
	at java.base/java.util.HashMap$ValueSpliterator.forEachRemaining(HashMap.java:1779)
	at java.base/java.util.stream.AbstractPipeline.copyInto(AbstractPipeline.java:509)
	at java.base/java.util.stream.AbstractPipeline.wrapAndCopyInto(AbstractPipeline.java:499)
	at java.base/java.util.stream.ForEachOps$ForEachOp.evaluateSequential(ForEachOps.java:150)
	at java.base/java.util.stream.ForEachOps$ForEachOp$OfRef.evaluateSequential(ForEachOps.java:173)
	at java.base/java.util.stream.AbstractPipeline.evaluate(AbstractPipeline.java:234)
	at java.base/java.util.stream.ReferencePipeline.forEach(ReferencePipeline.java:596)
	at org.keycloak.services.DefaultKeycloakSessionFactory.invalidate(DefaultKeycloakSessionFactory.java:367)
	at org.keycloak.services.DefaultKeycloakSession.invalidate(DefaultKeycloakSession.java:108)
	at org.keycloak.services.scheduled.ClearExpiredAdminEvents.run(ClearExpiredAdminEvents.java:33)
	at org.keycloak.services.scheduled.ClusterAwareScheduledTaskRunner$1.call(ClusterAwareScheduledTaskRunner.java:56)
	at org.keycloak.services.scheduled.ClusterAwareScheduledTaskRunner$1.call(ClusterAwareScheduledTaskRunner.java:52)
	at org.keycloak.cluster.infinispan.InfinispanClusterProvider.executeIfNotExecuted(InfinispanClusterProvider.java:78)
	at org.keycloak.services.scheduled.ClusterAwareScheduledTaskRunner.runTask(ClusterAwareScheduledTaskRunner.java:52)
	at org.keycloak.services.scheduled.ScheduledTaskRunner.lambda$run$0(ScheduledTaskRunner.java:59)
	at org.keycloak.models.utils.KeycloakModelUtils.lambda$runJobInTransaction$1(KeycloakModelUtils.java:257)
	at org.keycloak.models.utils.KeycloakModelUtils.runJobInTransactionWithResult(KeycloakModelUtils.java:379)
	at org.keycloak.models.utils.KeycloakModelUtils.runJobInTransaction(KeycloakModelUtils.java:256)
	at org.keycloak.services.scheduled.ScheduledTaskRunner.run(ScheduledTaskRunner.java:53)
	at org.keycloak.timer.basic.BasicTimerProvider$1.run(BasicTimerProvider.java:53)
	at java.base/java.util.TimerThread.mainLoop(Timer.java:566)
	at java.base/java.util.TimerThread.run(Timer.java:516)
Caused by: org.postgresql.util.PSQLException: Connection to purebliss-postgres:5432 refused. Check that the hostname and port are correct and that the postmaster is accepting TCP/IP connections.
	at org.postgresql.core.v3.ConnectionFactoryImpl.openConnectionImpl(ConnectionFactoryImpl.java:346)
	at org.postgresql.core.ConnectionFactory.openConnection(ConnectionFactory.java:54)
	at org.postgresql.jdbc.PgConnection.<init>(PgConnection.java:273)
	at org.postgresql.Driver.makeConnection(Driver.java:446)
	at org.postgresql.Driver.connect(Driver.java:298)
	at java.sql/java.sql.DriverManager.getConnection(DriverManager.java:681)
	at java.sql/java.sql.DriverManager.getConnection(DriverManager.java:229)
	at org.postgresql.ds.common.BaseDataSource.getConnection(BaseDataSource.java:104)
	at org.postgresql.xa.PGXADataSource.getXAConnection(PGXADataSource.java:52)
	at org.postgresql.xa.PGXADataSource.getXAConnection(PGXADataSource.java:37)
	at io.agroal.pool.ConnectionFactory.createConnection(ConnectionFactory.java:231)
	at io.agroal.pool.ConnectionPool$CreateConnectionTask.call(ConnectionPool.java:545)
	at io.agroal.pool.ConnectionPool$CreateConnectionTask.call(ConnectionPool.java:526)
	at java.base/java.util.concurrent.FutureTask.run(FutureTask.java:264)
	at io.agroal.pool.util.PriorityScheduledExecutor.beforeExecute(PriorityScheduledExecutor.java:75)
	at java.base/java.util.concurrent.ThreadPoolExecutor.runWorker(ThreadPoolExecutor.java:1134)
	at java.base/java.util.concurrent.ThreadPoolExecutor$Worker.run(ThreadPoolExecutor.java:635)
	at java.base/java.lang.Thread.run(Thread.java:840)
Caused by: java.net.ConnectException: Connection refused
	at java.base/sun.nio.ch.Net.pollConnect(Native Method)
	at java.base/sun.nio.ch.Net.pollConnectNow(Net.java:672)
	at java.base/sun.nio.ch.NioSocketImpl.timedFinishConnect(NioSocketImpl.java:547)
	at java.base/sun.nio.ch.NioSocketImpl.connect(NioSocketImpl.java:602)
	at java.base/java.net.SocksSocketImpl.connect(SocksSocketImpl.java:327)
	at java.base/java.net.Socket.connect(Socket.java:633)
	at org.postgresql.core.PGStream.createSocket(PGStream.java:243)
	at org.postgresql.core.PGStream.<init>(PGStream.java:98)
	at org.postgresql.core.v3.ConnectionFactoryImpl.tryConnect(ConnectionFactoryImpl.java:136)
	at org.postgresql.core.v3.ConnectionFactoryImpl.openConnectionImpl(ConnectionFactoryImpl.java:262)
	... 17 more

2025-08-07 20:50:34,770 WARN  [io.agroal.pool] (agroal-11) Datasource '<default>': Connection to purebliss-postgres:5432 refused. Check that the hostname and port are correct and that the postmaster is accepting TCP/IP connections.
2025-08-07 20:50:34,770 WARN  [org.hibernate.engine.jdbc.spi.SqlExceptionHelper] (Timer-0) SQL Error: 0, SQLState: 08001
2025-08-07 20:50:34,771 ERROR [org.hibernate.engine.jdbc.spi.SqlExceptionHelper] (Timer-0) Connection to purebliss-postgres:5432 refused. Check that the hostname and port are correct and that the postmaster is accepting TCP/IP connections.
2025-08-07 20:50:34,771 ERROR [org.keycloak.services.scheduled.ScheduledTaskRunner] (Timer-0) Failed to run scheduled task ClearExpiredClientInitialAccessTokens: org.hibernate.exception.JDBCConnectionException: Unable to acquire JDBC Connection [Connection to purebliss-postgres:5432 refused. Check that the hostname and port are correct and that the postmaster is accepting TCP/IP connections.] [n/a]
	at org.hibernate.exception.internal.SQLStateConversionDelegate.convert(SQLStateConversionDelegate.java:100)
	at org.hibernate.exception.internal.StandardSQLExceptionConverter.convert(StandardSQLExceptionConverter.java:58)
	at org.hibernate.engine.jdbc.spi.SqlExceptionHelper.convert(SqlExceptionHelper.java:108)
	at org.hibernate.engine.jdbc.spi.SqlExceptionHelper.convert(SqlExceptionHelper.java:94)
	at org.hibernate.resource.jdbc.internal.LogicalConnectionManagedImpl.acquireConnectionIfNeeded(LogicalConnectionManagedImpl.java:116)
	at org.hibernate.resource.jdbc.internal.LogicalConnectionManagedImpl.getPhysicalConnection(LogicalConnectionManagedImpl.java:143)
	at org.hibernate.engine.jdbc.internal.StatementPreparerImpl.connection(StatementPreparerImpl.java:54)
	at org.hibernate.engine.jdbc.internal.StatementPreparerImpl$1.doPrepare(StatementPreparerImpl.java:94)
	at org.hibernate.engine.jdbc.internal.StatementPreparerImpl$StatementPreparationTemplate.prepareStatement(StatementPreparerImpl.java:183)
	at org.hibernate.engine.jdbc.internal.StatementPreparerImpl.prepareStatement(StatementPreparerImpl.java:79)
	at org.hibernate.query.sqm.internal.SimpleDeleteQueryPlan.lambda$executeUpdate$2(SimpleDeleteQueryPlan.java:197)
	at org.hibernate.sql.exec.internal.StandardJdbcMutationExecutor.execute(StandardJdbcMutationExecutor.java:64)
	at org.hibernate.query.sqm.internal.SimpleDeleteQueryPlan.executeUpdate(SimpleDeleteQueryPlan.java:191)
	at org.hibernate.query.sqm.internal.QuerySqmImpl.doExecuteUpdate(QuerySqmImpl.java:705)
	at org.hibernate.query.sqm.internal.QuerySqmImpl.executeUpdate(QuerySqmImpl.java:675)
	at org.keycloak.models.jpa.JpaRealmProvider.removeExpiredClientInitialAccess(JpaRealmProvider.java:1167)
	at org.keycloak.models.cache.infinispan.RealmCacheSession.removeExpiredClientInitialAccess(RealmCacheSession.java:1483)
	at org.keycloak.services.scheduled.ClearExpiredClientInitialAccessTokens.run(ClearExpiredClientInitialAccessTokens.java:30)
	at org.keycloak.services.scheduled.ClusterAwareScheduledTaskRunner$1.call(ClusterAwareScheduledTaskRunner.java:56)
	at org.keycloak.services.scheduled.ClusterAwareScheduledTaskRunner$1.call(ClusterAwareScheduledTaskRunner.java:52)
	at org.keycloak.cluster.infinispan.InfinispanClusterProvider.executeIfNotExecuted(InfinispanClusterProvider.java:78)
	at org.keycloak.services.scheduled.ClusterAwareScheduledTaskRunner.runTask(ClusterAwareScheduledTaskRunner.java:52)
	at org.keycloak.services.scheduled.ScheduledTaskRunner.lambda$run$0(ScheduledTaskRunner.java:59)
	at org.keycloak.models.utils.KeycloakModelUtils.lambda$runJobInTransaction$1(KeycloakModelUtils.java:257)
	at org.keycloak.models.utils.KeycloakModelUtils.runJobInTransactionWithResult(KeycloakModelUtils.java:379)
	at org.keycloak.models.utils.KeycloakModelUtils.runJobInTransaction(KeycloakModelUtils.java:256)
	at org.keycloak.services.scheduled.ScheduledTaskRunner.run(ScheduledTaskRunner.java:53)
	at org.keycloak.timer.basic.BasicTimerProvider$1.run(BasicTimerProvider.java:53)
	at java.base/java.util.TimerThread.mainLoop(Timer.java:566)
	at java.base/java.util.TimerThread.run(Timer.java:516)
Caused by: org.postgresql.util.PSQLException: Connection to purebliss-postgres:5432 refused. Check that the hostname and port are correct and that the postmaster is accepting TCP/IP connections.
	at org.postgresql.core.v3.ConnectionFactoryImpl.openConnectionImpl(ConnectionFactoryImpl.java:346)
	at org.postgresql.core.ConnectionFactory.openConnection(ConnectionFactory.java:54)
	at org.postgresql.jdbc.PgConnection.<init>(PgConnection.java:273)
	at org.postgresql.Driver.makeConnection(Driver.java:446)
	at org.postgresql.Driver.connect(Driver.java:298)
	at java.sql/java.sql.DriverManager.getConnection(DriverManager.java:681)
	at java.sql/java.sql.DriverManager.getConnection(DriverManager.java:229)
	at org.postgresql.ds.common.BaseDataSource.getConnection(BaseDataSource.java:104)
	at org.postgresql.xa.PGXADataSource.getXAConnection(PGXADataSource.java:52)
	at org.postgresql.xa.PGXADataSource.getXAConnection(PGXADataSource.java:37)
	at io.agroal.pool.ConnectionFactory.createConnection(ConnectionFactory.java:231)
	at io.agroal.pool.ConnectionPool$CreateConnectionTask.call(ConnectionPool.java:545)
	at io.agroal.pool.ConnectionPool$CreateConnectionTask.call(ConnectionPool.java:526)
	at java.base/java.util.concurrent.FutureTask.run(FutureTask.java:264)
	at io.agroal.pool.util.PriorityScheduledExecutor.beforeExecute(PriorityScheduledExecutor.java:75)
	at java.base/java.util.concurrent.ThreadPoolExecutor.runWorker(ThreadPoolExecutor.java:1134)
	at java.base/java.util.concurrent.ThreadPoolExecutor$Worker.run(ThreadPoolExecutor.java:635)
	at java.base/java.lang.Thread.run(Thread.java:840)
Caused by: java.net.ConnectException: Connection refused
	at java.base/sun.nio.ch.Net.pollConnect(Native Method)
	at java.base/sun.nio.ch.Net.pollConnectNow(Net.java:672)
	at java.base/sun.nio.ch.NioSocketImpl.timedFinishConnect(NioSocketImpl.java:547)
	at java.base/sun.nio.ch.NioSocketImpl.connect(NioSocketImpl.java:602)
	at java.base/java.net.SocksSocketImpl.connect(SocksSocketImpl.java:327)
	at java.base/java.net.Socket.connect(Socket.java:633)
	at org.postgresql.core.PGStream.createSocket(PGStream.java:243)
	at org.postgresql.core.PGStream.<init>(PGStream.java:98)
	at org.postgresql.core.v3.ConnectionFactoryImpl.tryConnect(ConnectionFactoryImpl.java:136)
	at org.postgresql.core.v3.ConnectionFactoryImpl.openConnectionImpl(ConnectionFactoryImpl.java:262)
	... 17 more

2025-08-07 21:05:34,642 WARN  [io.agroal.pool] (agroal-11) Datasource '<default>': The connection attempt failed.
2025-08-07 21:05:34,642 WARN  [org.hibernate.engine.jdbc.spi.SqlExceptionHelper] (Timer-0) SQL Error: 0, SQLState: 08001
2025-08-07 21:05:34,642 ERROR [org.hibernate.engine.jdbc.spi.SqlExceptionHelper] (Timer-0) The connection attempt failed.
2025-08-07 21:05:34,643 ERROR [org.keycloak.services.scheduled.ScheduledTaskRunner] (Timer-0) Failed to run scheduled task ClearExpiredEvents: org.hibernate.exception.JDBCConnectionException: Unable to acquire JDBC Connection [The connection attempt failed.] [n/a]
	at org.hibernate.exception.internal.SQLStateConversionDelegate.convert(SQLStateConversionDelegate.java:100)
	at org.hibernate.exception.internal.StandardSQLExceptionConverter.convert(StandardSQLExceptionConverter.java:58)
	at org.hibernate.engine.jdbc.spi.SqlExceptionHelper.convert(SqlExceptionHelper.java:108)
	at org.hibernate.engine.jdbc.spi.SqlExceptionHelper.convert(SqlExceptionHelper.java:94)
	at org.hibernate.resource.jdbc.internal.LogicalConnectionManagedImpl.acquireConnectionIfNeeded(LogicalConnectionManagedImpl.java:116)
	at org.hibernate.resource.jdbc.internal.LogicalConnectionManagedImpl.getPhysicalConnection(LogicalConnectionManagedImpl.java:143)
	at org.hibernate.engine.jdbc.internal.StatementPreparerImpl.connection(StatementPreparerImpl.java:54)
	at org.hibernate.engine.jdbc.internal.StatementPreparerImpl$5.doPrepare(StatementPreparerImpl.java:153)
	at org.hibernate.engine.jdbc.internal.StatementPreparerImpl$StatementPreparationTemplate.prepareStatement(StatementPreparerImpl.java:183)
	at org.hibernate.engine.jdbc.internal.StatementPreparerImpl.prepareQueryStatement(StatementPreparerImpl.java:155)
	at org.hibernate.sql.exec.spi.JdbcSelectExecutor.lambda$list$0(JdbcSelectExecutor.java:85)
	at org.hibernate.sql.results.jdbc.internal.DeferredResultSetAccess.executeQuery(DeferredResultSetAccess.java:231)
	at org.hibernate.sql.results.jdbc.internal.DeferredResultSetAccess.getResultSet(DeferredResultSetAccess.java:167)
	at org.hibernate.sql.results.jdbc.internal.JdbcValuesResultSetImpl.advanceNext(JdbcValuesResultSetImpl.java:218)
	at org.hibernate.sql.results.jdbc.internal.JdbcValuesResultSetImpl.processNext(JdbcValuesResultSetImpl.java:98)
	at org.hibernate.sql.results.jdbc.internal.AbstractJdbcValues.next(AbstractJdbcValues.java:19)
	at org.hibernate.sql.results.internal.RowProcessingStateStandardImpl.next(RowProcessingStateStandardImpl.java:66)
	at org.hibernate.sql.results.spi.ListResultsConsumer.consume(ListResultsConsumer.java:202)
	at org.hibernate.sql.results.spi.ListResultsConsumer.consume(ListResultsConsumer.java:33)
	at org.hibernate.sql.exec.internal.JdbcSelectExecutorStandardImpl.doExecuteQuery(JdbcSelectExecutorStandardImpl.java:209)
	at org.hibernate.sql.exec.internal.JdbcSelectExecutorStandardImpl.executeQuery(JdbcSelectExecutorStandardImpl.java:83)
	at org.hibernate.sql.exec.spi.JdbcSelectExecutor.list(JdbcSelectExecutor.java:76)
	at org.hibernate.sql.exec.spi.JdbcSelectExecutor.list(JdbcSelectExecutor.java:65)
	at org.hibernate.query.sqm.internal.ConcreteSqmSelectQueryPlan.lambda$new$2(ConcreteSqmSelectQueryPlan.java:137)
	at org.hibernate.query.sqm.internal.ConcreteSqmSelectQueryPlan.withCacheableSqmInterpretation(ConcreteSqmSelectQueryPlan.java:362)
	at org.hibernate.query.sqm.internal.ConcreteSqmSelectQueryPlan.performList(ConcreteSqmSelectQueryPlan.java:303)
	at org.hibernate.query.sqm.internal.QuerySqmImpl.doList(QuerySqmImpl.java:509)
	at org.hibernate.query.spi.AbstractSelectionQuery.list(AbstractSelectionQuery.java:427)
	at org.hibernate.query.Query.getResultList(Query.java:120)
	at org.keycloak.events.jpa.JpaEventStoreProvider.clearExpiredEvents(JpaEventStoreProvider.java:94)
	at org.keycloak.services.scheduled.ClearExpiredEvents.run(ClearExpiredEvents.java:39)
	at org.keycloak.services.scheduled.ClusterAwareScheduledTaskRunner$1.call(ClusterAwareScheduledTaskRunner.java:56)
	at org.keycloak.services.scheduled.ClusterAwareScheduledTaskRunner$1.call(ClusterAwareScheduledTaskRunner.java:52)
	at org.keycloak.cluster.infinispan.InfinispanClusterProvider.executeIfNotExecuted(InfinispanClusterProvider.java:78)
	at org.keycloak.services.scheduled.ClusterAwareScheduledTaskRunner.runTask(ClusterAwareScheduledTaskRunner.java:52)
	at org.keycloak.services.scheduled.ScheduledTaskRunner.lambda$run$0(ScheduledTaskRunner.java:59)
	at org.keycloak.models.utils.KeycloakModelUtils.lambda$runJobInTransaction$1(KeycloakModelUtils.java:257)
	at org.keycloak.models.utils.KeycloakModelUtils.runJobInTransactionWithResult(KeycloakModelUtils.java:379)
	at org.keycloak.models.utils.KeycloakModelUtils.runJobInTransaction(KeycloakModelUtils.java:256)
	at org.keycloak.services.scheduled.ScheduledTaskRunner.run(ScheduledTaskRunner.java:53)
	at org.keycloak.timer.basic.BasicTimerProvider$1.run(BasicTimerProvider.java:53)
	at java.base/java.util.TimerThread.mainLoop(Timer.java:566)
	at java.base/java.util.TimerThread.run(Timer.java:516)
Caused by: org.postgresql.util.PSQLException: The connection attempt failed.
	at org.postgresql.core.v3.ConnectionFactoryImpl.openConnectionImpl(ConnectionFactoryImpl.java:358)
	at org.postgresql.core.ConnectionFactory.openConnection(ConnectionFactory.java:54)
	at org.postgresql.jdbc.PgConnection.<init>(PgConnection.java:273)
	at org.postgresql.Driver.makeConnection(Driver.java:446)
	at org.postgresql.Driver.connect(Driver.java:298)
	at java.sql/java.sql.DriverManager.getConnection(DriverManager.java:681)
	at java.sql/java.sql.DriverManager.getConnection(DriverManager.java:229)
	at org.postgresql.ds.common.BaseDataSource.getConnection(BaseDataSource.java:104)
	at org.postgresql.xa.PGXADataSource.getXAConnection(PGXADataSource.java:52)
	at org.postgresql.xa.PGXADataSource.getXAConnection(PGXADataSource.java:37)
	at io.agroal.pool.ConnectionFactory.createConnection(ConnectionFactory.java:231)
	at io.agroal.pool.ConnectionPool$CreateConnectionTask.call(ConnectionPool.java:545)
	at io.agroal.pool.ConnectionPool$CreateConnectionTask.call(ConnectionPool.java:526)
	at java.base/java.util.concurrent.FutureTask.run(FutureTask.java:264)
	at io.agroal.pool.util.PriorityScheduledExecutor.beforeExecute(PriorityScheduledExecutor.java:75)
	at java.base/java.util.concurrent.ThreadPoolExecutor.runWorker(ThreadPoolExecutor.java:1134)
	at java.base/java.util.concurrent.ThreadPoolExecutor$Worker.run(ThreadPoolExecutor.java:635)
	at java.base/java.lang.Thread.run(Thread.java:840)
Caused by: java.net.UnknownHostException: purebliss-postgres
	at java.base/sun.nio.ch.NioSocketImpl.connect(NioSocketImpl.java:572)
	at java.base/java.net.SocksSocketImpl.connect(SocksSocketImpl.java:327)
	at java.base/java.net.Socket.connect(Socket.java:633)
	at org.postgresql.core.PGStream.createSocket(PGStream.java:243)
	at org.postgresql.core.PGStream.<init>(PGStream.java:98)
	at org.postgresql.core.v3.ConnectionFactoryImpl.tryConnect(ConnectionFactoryImpl.java:136)
	at org.postgresql.core.v3.ConnectionFactoryImpl.openConnectionImpl(ConnectionFactoryImpl.java:262)
	... 17 more

2025-08-07 21:05:34,680 WARN  [io.agroal.pool] (agroal-11) Datasource '<default>': The connection attempt failed.
2025-08-07 21:05:34,680 WARN  [org.hibernate.engine.jdbc.spi.SqlExceptionHelper] (Timer-0) SQL Error: 0, SQLState: 08001
2025-08-07 21:05:34,681 ERROR [org.hibernate.engine.jdbc.spi.SqlExceptionHelper] (Timer-0) The connection attempt failed.
2025-08-07 21:05:34,681 ERROR [org.keycloak.services.scheduled.ScheduledTaskRunner] (Timer-0) Failed to run scheduled task ClearExpiredUserSessions: org.hibernate.exception.JDBCConnectionException: Unable to acquire JDBC Connection [The connection attempt failed.] [n/a]
	at org.hibernate.exception.internal.SQLStateConversionDelegate.convert(SQLStateConversionDelegate.java:100)
	at org.hibernate.exception.internal.StandardSQLExceptionConverter.convert(StandardSQLExceptionConverter.java:58)
	at org.hibernate.engine.jdbc.spi.SqlExceptionHelper.convert(SqlExceptionHelper.java:108)
	at org.hibernate.engine.jdbc.spi.SqlExceptionHelper.convert(SqlExceptionHelper.java:94)
	at org.hibernate.resource.jdbc.internal.LogicalConnectionManagedImpl.acquireConnectionIfNeeded(LogicalConnectionManagedImpl.java:116)
	at org.hibernate.resource.jdbc.internal.LogicalConnectionManagedImpl.getPhysicalConnection(LogicalConnectionManagedImpl.java:143)
	at org.hibernate.engine.jdbc.internal.StatementPreparerImpl.connection(StatementPreparerImpl.java:54)
	at org.hibernate.engine.jdbc.internal.StatementPreparerImpl$5.doPrepare(StatementPreparerImpl.java:153)
	at org.hibernate.engine.jdbc.internal.StatementPreparerImpl$StatementPreparationTemplate.prepareStatement(StatementPreparerImpl.java:183)
	at org.hibernate.engine.jdbc.internal.StatementPreparerImpl.prepareQueryStatement(StatementPreparerImpl.java:155)
	at org.hibernate.sql.exec.spi.JdbcSelectExecutor.lambda$scroll$1(JdbcSelectExecutor.java:102)
	at org.hibernate.sql.results.jdbc.internal.DeferredResultSetAccess.executeQuery(DeferredResultSetAccess.java:231)
	at org.hibernate.sql.results.jdbc.internal.DeferredResultSetAccess.getResultSet(DeferredResultSetAccess.java:167)
	at org.hibernate.sql.results.jdbc.internal.JdbcValuesResultSetImpl.advanceNext(JdbcValuesResultSetImpl.java:218)
	at org.hibernate.sql.results.jdbc.internal.JdbcValuesResultSetImpl.processNext(JdbcValuesResultSetImpl.java:98)
	at org.hibernate.sql.results.jdbc.internal.AbstractJdbcValues.next(AbstractJdbcValues.java:19)
	at org.hibernate.sql.results.internal.RowProcessingStateStandardImpl.next(RowProcessingStateStandardImpl.java:66)
	at org.hibernate.internal.ScrollableResultsImpl.next(ScrollableResultsImpl.java:51)
	at org.hibernate.query.internal.ScrollableResultsIterator.hasNext(ScrollableResultsIterator.java:33)
	at java.base/java.util.Iterator.forEachRemaining(Iterator.java:132)
	at java.base/java.util.Spliterators$IteratorSpliterator.forEachRemaining(Spliterators.java:1845)
	at java.base/java.util.stream.AbstractPipeline.copyInto(AbstractPipeline.java:509)
	at java.base/java.util.stream.AbstractPipeline.wrapAndCopyInto(AbstractPipeline.java:499)
	at java.base/java.util.stream.ForEachOps$ForEachOp.evaluateSequential(ForEachOps.java:150)
	at java.base/java.util.stream.ForEachOps$ForEachOp$OfRef.evaluateSequential(ForEachOps.java:173)
	at java.base/java.util.stream.AbstractPipeline.evaluate(AbstractPipeline.java:234)
	at java.base/java.util.stream.ReferencePipeline.forEach(ReferencePipeline.java:596)
	at org.keycloak.utils.ClosingStream.forEach(ClosingStream.java:128)
	at org.keycloak.models.sessions.infinispan.InfinispanUserSessionProvider.removeAllExpired(InfinispanUserSessionProvider.java:630)
	at org.keycloak.services.scheduled.ClearExpiredUserSessions.run(ClearExpiredUserSessions.java:39)
	at org.keycloak.services.scheduled.ClusterAwareScheduledTaskRunner$1.call(ClusterAwareScheduledTaskRunner.java:56)
	at org.keycloak.services.scheduled.ClusterAwareScheduledTaskRunner$1.call(ClusterAwareScheduledTaskRunner.java:52)
	at org.keycloak.cluster.infinispan.InfinispanClusterProvider.executeIfNotExecuted(InfinispanClusterProvider.java:78)
	at org.keycloak.services.scheduled.ClusterAwareScheduledTaskRunner.runTask(ClusterAwareScheduledTaskRunner.java:52)
	at org.keycloak.services.scheduled.ScheduledTaskRunner.lambda$run$0(ScheduledTaskRunner.java:59)
	at org.keycloak.models.utils.KeycloakModelUtils.lambda$runJobInTransaction$1(KeycloakModelUtils.java:257)
	at org.keycloak.models.utils.KeycloakModelUtils.runJobInTransactionWithResult(KeycloakModelUtils.java:379)
	at org.keycloak.models.utils.KeycloakModelUtils.runJobInTransaction(KeycloakModelUtils.java:256)
	at org.keycloak.services.scheduled.ScheduledTaskRunner.run(ScheduledTaskRunner.java:53)
	at org.keycloak.timer.basic.BasicTimerProvider$1.run(BasicTimerProvider.java:53)
	at java.base/java.util.TimerThread.mainLoop(Timer.java:566)
	at java.base/java.util.TimerThread.run(Timer.java:516)
Caused by: org.postgresql.util.PSQLException: The connection attempt failed.
	at org.postgresql.core.v3.ConnectionFactoryImpl.openConnectionImpl(ConnectionFactoryImpl.java:358)
	at org.postgresql.core.ConnectionFactory.openConnection(ConnectionFactory.java:54)
	at org.postgresql.jdbc.PgConnection.<init>(PgConnection.java:273)
	at org.postgresql.Driver.makeConnection(Driver.java:446)
	at org.postgresql.Driver.connect(Driver.java:298)
	at java.sql/java.sql.DriverManager.getConnection(DriverManager.java:681)
	at java.sql/java.sql.DriverManager.getConnection(DriverManager.java:229)
	at org.postgresql.ds.common.BaseDataSource.getConnection(BaseDataSource.java:104)
	at org.postgresql.xa.PGXADataSource.getXAConnection(PGXADataSource.java:52)
	at org.postgresql.xa.PGXADataSource.getXAConnection(PGXADataSource.java:37)
	at io.agroal.pool.ConnectionFactory.createConnection(ConnectionFactory.java:231)
	at io.agroal.pool.ConnectionPool$CreateConnectionTask.call(ConnectionPool.java:545)
	at io.agroal.pool.ConnectionPool$CreateConnectionTask.call(ConnectionPool.java:526)
	at java.base/java.util.concurrent.FutureTask.run(FutureTask.java:264)
	at io.agroal.pool.util.PriorityScheduledExecutor.beforeExecute(PriorityScheduledExecutor.java:75)
	at java.base/java.util.concurrent.ThreadPoolExecutor.runWorker(ThreadPoolExecutor.java:1134)
	at java.base/java.util.concurrent.ThreadPoolExecutor$Worker.run(ThreadPoolExecutor.java:635)
	at java.base/java.lang.Thread.run(Thread.java:840)
Caused by: java.net.UnknownHostException: purebliss-postgres
	at java.base/sun.nio.ch.NioSocketImpl.connect(NioSocketImpl.java:572)
	at java.base/java.net.SocksSocketImpl.connect(SocksSocketImpl.java:327)
	at java.base/java.net.Socket.connect(Socket.java:633)
	at org.postgresql.core.PGStream.createSocket(PGStream.java:243)
	at org.postgresql.core.PGStream.<init>(PGStream.java:98)
	at org.postgresql.core.v3.ConnectionFactoryImpl.tryConnect(ConnectionFactoryImpl.java:136)
	at org.postgresql.core.v3.ConnectionFactoryImpl.openConnectionImpl(ConnectionFactoryImpl.java:262)
	... 17 more

2025-08-07 21:05:34,724 WARN  [io.agroal.pool] (agroal-11) Datasource '<default>': The connection attempt failed.
2025-08-07 21:05:34,724 WARN  [org.hibernate.engine.jdbc.spi.SqlExceptionHelper] (Timer-0) SQL Error: 0, SQLState: 08001
2025-08-07 21:05:34,724 ERROR [org.hibernate.engine.jdbc.spi.SqlExceptionHelper] (Timer-0) The connection attempt failed.
2025-08-07 21:05:34,725 ERROR [org.keycloak.services.scheduled.ScheduledTaskRunner] (Timer-0) Failed to run scheduled task ClearExpiredAdminEvents: org.hibernate.exception.JDBCConnectionException: Unable to acquire JDBC Connection [The connection attempt failed.] [n/a]
	at org.hibernate.exception.internal.SQLStateConversionDelegate.convert(SQLStateConversionDelegate.java:100)
	at org.hibernate.exception.internal.StandardSQLExceptionConverter.convert(StandardSQLExceptionConverter.java:58)
	at org.hibernate.engine.jdbc.spi.SqlExceptionHelper.convert(SqlExceptionHelper.java:108)
	at org.hibernate.engine.jdbc.spi.SqlExceptionHelper.convert(SqlExceptionHelper.java:94)
	at org.hibernate.resource.jdbc.internal.LogicalConnectionManagedImpl.acquireConnectionIfNeeded(LogicalConnectionManagedImpl.java:116)
	at org.hibernate.resource.jdbc.internal.LogicalConnectionManagedImpl.getPhysicalConnection(LogicalConnectionManagedImpl.java:143)
	at org.hibernate.engine.jdbc.internal.StatementPreparerImpl.connection(StatementPreparerImpl.java:54)
	at org.hibernate.engine.jdbc.internal.StatementPreparerImpl$5.doPrepare(StatementPreparerImpl.java:153)
	at org.hibernate.engine.jdbc.internal.StatementPreparerImpl$StatementPreparationTemplate.prepareStatement(StatementPreparerImpl.java:183)
	at org.hibernate.engine.jdbc.internal.StatementPreparerImpl.prepareQueryStatement(StatementPreparerImpl.java:155)
	at org.hibernate.sql.exec.spi.JdbcSelectExecutor.lambda$scroll$1(JdbcSelectExecutor.java:102)
	at org.hibernate.sql.results.jdbc.internal.DeferredResultSetAccess.executeQuery(DeferredResultSetAccess.java:231)
	at org.hibernate.sql.results.jdbc.internal.DeferredResultSetAccess.getResultSet(DeferredResultSetAccess.java:167)
	at org.hibernate.sql.results.jdbc.internal.JdbcValuesResultSetImpl.advanceNext(JdbcValuesResultSetImpl.java:218)
	at org.hibernate.sql.results.jdbc.internal.JdbcValuesResultSetImpl.processNext(JdbcValuesResultSetImpl.java:98)
	at org.hibernate.sql.results.jdbc.internal.AbstractJdbcValues.next(AbstractJdbcValues.java:19)
	at org.hibernate.sql.results.internal.RowProcessingStateStandardImpl.next(RowProcessingStateStandardImpl.java:66)
	at org.hibernate.internal.ScrollableResultsImpl.next(ScrollableResultsImpl.java:51)
	at org.hibernate.query.internal.ScrollableResultsIterator.hasNext(ScrollableResultsIterator.java:33)
	at java.base/java.util.Iterator.forEachRemaining(Iterator.java:132)
	at java.base/java.util.Spliterators$IteratorSpliterator.forEachRemaining(Spliterators.java:1845)
	at java.base/java.util.stream.AbstractPipeline.copyInto(AbstractPipeline.java:509)
	at java.base/java.util.stream.AbstractPipeline.wrapAndCopyInto(AbstractPipeline.java:499)
	at java.base/java.util.stream.ReduceOps$ReduceOp.evaluateSequential(ReduceOps.java:921)
	at java.base/java.util.stream.AbstractPipeline.evaluate(AbstractPipeline.java:234)
	at java.base/java.util.stream.ReferencePipeline.collect(ReferencePipeline.java:682)
	at org.keycloak.events.jpa.JpaEventStoreProvider.clearExpiredAdminEvents(JpaEventStoreProvider.java:265)
	at org.keycloak.events.jpa.JpaEventStoreProviderFactory.invalidate(JpaEventStoreProviderFactory.java:63)
	at org.keycloak.services.DefaultKeycloakSessionFactory.lambda$invalidate$0(DefaultKeycloakSessionFactory.java:367)
	at java.base/java.util.stream.ForEachOps$ForEachOp$OfRef.accept(ForEachOps.java:183)
	at java.base/java.util.stream.ReferencePipeline$3$1.accept(ReferencePipeline.java:197)
	at java.base/java.util.stream.ReferencePipeline$2$1.accept(ReferencePipeline.java:179)
	at java.base/java.util.HashMap$ValueSpliterator.forEachRemaining(HashMap.java:1779)
	at java.base/java.util.stream.ReferencePipeline$Head.forEach(ReferencePipeline.java:762)
	at java.base/java.util.stream.ReferencePipeline$7$1.accept(ReferencePipeline.java:276)
	at java.base/java.util.stream.ReferencePipeline$3$1.accept(ReferencePipeline.java:197)
	at java.base/java.util.HashMap$ValueSpliterator.forEachRemaining(HashMap.java:1779)
	at java.base/java.util.stream.AbstractPipeline.copyInto(AbstractPipeline.java:509)
	at java.base/java.util.stream.AbstractPipeline.wrapAndCopyInto(AbstractPipeline.java:499)
	at java.base/java.util.stream.ForEachOps$ForEachOp.evaluateSequential(ForEachOps.java:150)
	at java.base/java.util.stream.ForEachOps$ForEachOp$OfRef.evaluateSequential(ForEachOps.java:173)
	at java.base/java.util.stream.AbstractPipeline.evaluate(AbstractPipeline.java:234)
	at java.base/java.util.stream.ReferencePipeline.forEach(ReferencePipeline.java:596)
	at org.keycloak.services.DefaultKeycloakSessionFactory.invalidate(DefaultKeycloakSessionFactory.java:367)
	at org.keycloak.services.DefaultKeycloakSession.invalidate(DefaultKeycloakSession.java:108)
	at org.keycloak.services.scheduled.ClearExpiredAdminEvents.run(ClearExpiredAdminEvents.java:33)
	at org.keycloak.services.scheduled.ClusterAwareScheduledTaskRunner$1.call(ClusterAwareScheduledTaskRunner.java:56)
	at org.keycloak.services.scheduled.ClusterAwareScheduledTaskRunner$1.call(ClusterAwareScheduledTaskRunner.java:52)
	at org.keycloak.cluster.infinispan.InfinispanClusterProvider.executeIfNotExecuted(InfinispanClusterProvider.java:78)
	at org.keycloak.services.scheduled.ClusterAwareScheduledTaskRunner.runTask(ClusterAwareScheduledTaskRunner.java:52)
	at org.keycloak.services.scheduled.ScheduledTaskRunner.lambda$run$0(ScheduledTaskRunner.java:59)
	at org.keycloak.models.utils.KeycloakModelUtils.lambda$runJobInTransaction$1(KeycloakModelUtils.java:257)
	at org.keycloak.models.utils.KeycloakModelUtils.runJobInTransactionWithResult(KeycloakModelUtils.java:379)
	at org.keycloak.models.utils.KeycloakModelUtils.runJobInTransaction(KeycloakModelUtils.java:256)
	at org.keycloak.services.scheduled.ScheduledTaskRunner.run(ScheduledTaskRunner.java:53)
	at org.keycloak.timer.basic.BasicTimerProvider$1.run(BasicTimerProvider.java:53)
	at java.base/java.util.TimerThread.mainLoop(Timer.java:566)
	at java.base/java.util.TimerThread.run(Timer.java:516)
Caused by: org.postgresql.util.PSQLException: The connection attempt failed.
	at org.postgresql.core.v3.ConnectionFactoryImpl.openConnectionImpl(ConnectionFactoryImpl.java:358)
	at org.postgresql.core.ConnectionFactory.openConnection(ConnectionFactory.java:54)
	at org.postgresql.jdbc.PgConnection.<init>(PgConnection.java:273)
	at org.postgresql.Driver.makeConnection(Driver.java:446)
	at org.postgresql.Driver.connect(Driver.java:298)
	at java.sql/java.sql.DriverManager.getConnection(DriverManager.java:681)
	at java.sql/java.sql.DriverManager.getConnection(DriverManager.java:229)
	at org.postgresql.ds.common.BaseDataSource.getConnection(BaseDataSource.java:104)
	at org.postgresql.xa.PGXADataSource.getXAConnection(PGXADataSource.java:52)
	at org.postgresql.xa.PGXADataSource.getXAConnection(PGXADataSource.java:37)
	at io.agroal.pool.ConnectionFactory.createConnection(ConnectionFactory.java:231)
	at io.agroal.pool.ConnectionPool$CreateConnectionTask.call(ConnectionPool.java:545)
	at io.agroal.pool.ConnectionPool$CreateConnectionTask.call(ConnectionPool.java:526)
	at java.base/java.util.concurrent.FutureTask.run(FutureTask.java:264)
	at io.agroal.pool.util.PriorityScheduledExecutor.beforeExecute(PriorityScheduledExecutor.java:75)
	at java.base/java.util.concurrent.ThreadPoolExecutor.runWorker(ThreadPoolExecutor.java:1134)
	at java.base/java.util.concurrent.ThreadPoolExecutor$Worker.run(ThreadPoolExecutor.java:635)
	at java.base/java.lang.Thread.run(Thread.java:840)
Caused by: java.net.UnknownHostException: purebliss-postgres
	at java.base/sun.nio.ch.NioSocketImpl.connect(NioSocketImpl.java:572)
	at java.base/java.net.SocksSocketImpl.connect(SocksSocketImpl.java:327)
	at java.base/java.net.Socket.connect(Socket.java:633)
	at org.postgresql.core.PGStream.createSocket(PGStream.java:243)
	at org.postgresql.core.PGStream.<init>(PGStream.java:98)
	at org.postgresql.core.v3.ConnectionFactoryImpl.tryConnect(ConnectionFactoryImpl.java:136)
	at org.postgresql.core.v3.ConnectionFactoryImpl.openConnectionImpl(ConnectionFactoryImpl.java:262)
	... 17 more

2025-08-07 21:05:34,770 WARN  [io.agroal.pool] (agroal-11) Datasource '<default>': The connection attempt failed.
2025-08-07 21:05:34,770 WARN  [org.hibernate.engine.jdbc.spi.SqlExceptionHelper] (Timer-0) SQL Error: 0, SQLState: 08001
2025-08-07 21:05:34,770 ERROR [org.hibernate.engine.jdbc.spi.SqlExceptionHelper] (Timer-0) The connection attempt failed.
2025-08-07 21:05:34,771 ERROR [org.keycloak.services.scheduled.ScheduledTaskRunner] (Timer-0) Failed to run scheduled task ClearExpiredClientInitialAccessTokens: org.hibernate.exception.JDBCConnectionException: Unable to acquire JDBC Connection [The connection attempt failed.] [n/a]
	at org.hibernate.exception.internal.SQLStateConversionDelegate.convert(SQLStateConversionDelegate.java:100)
	at org.hibernate.exception.internal.StandardSQLExceptionConverter.convert(StandardSQLExceptionConverter.java:58)
	at org.hibernate.engine.jdbc.spi.SqlExceptionHelper.convert(SqlExceptionHelper.java:108)
	at org.hibernate.engine.jdbc.spi.SqlExceptionHelper.convert(SqlExceptionHelper.java:94)
	at org.hibernate.resource.jdbc.internal.LogicalConnectionManagedImpl.acquireConnectionIfNeeded(LogicalConnectionManagedImpl.java:116)
	at org.hibernate.resource.jdbc.internal.LogicalConnectionManagedImpl.getPhysicalConnection(LogicalConnectionManagedImpl.java:143)
	at org.hibernate.engine.jdbc.internal.StatementPreparerImpl.connection(StatementPreparerImpl.java:54)
	at org.hibernate.engine.jdbc.internal.StatementPreparerImpl$1.doPrepare(StatementPreparerImpl.java:94)
	at org.hibernate.engine.jdbc.internal.StatementPreparerImpl$StatementPreparationTemplate.prepareStatement(StatementPreparerImpl.java:183)
	at org.hibernate.engine.jdbc.internal.StatementPreparerImpl.prepareStatement(StatementPreparerImpl.java:79)
	at org.hibernate.query.sqm.internal.SimpleDeleteQueryPlan.lambda$executeUpdate$2(SimpleDeleteQueryPlan.java:197)
	at org.hibernate.sql.exec.internal.StandardJdbcMutationExecutor.execute(StandardJdbcMutationExecutor.java:64)
	at org.hibernate.query.sqm.internal.SimpleDeleteQueryPlan.executeUpdate(SimpleDeleteQueryPlan.java:191)
	at org.hibernate.query.sqm.internal.QuerySqmImpl.doExecuteUpdate(QuerySqmImpl.java:705)
	at org.hibernate.query.sqm.internal.QuerySqmImpl.executeUpdate(QuerySqmImpl.java:675)
	at org.keycloak.models.jpa.JpaRealmProvider.removeExpiredClientInitialAccess(JpaRealmProvider.java:1167)
	at org.keycloak.models.cache.infinispan.RealmCacheSession.removeExpiredClientInitialAccess(RealmCacheSession.java:1483)
	at org.keycloak.services.scheduled.ClearExpiredClientInitialAccessTokens.run(ClearExpiredClientInitialAccessTokens.java:30)
	at org.keycloak.services.scheduled.ClusterAwareScheduledTaskRunner$1.call(ClusterAwareScheduledTaskRunner.java:56)
	at org.keycloak.services.scheduled.ClusterAwareScheduledTaskRunner$1.call(ClusterAwareScheduledTaskRunner.java:52)
	at org.keycloak.cluster.infinispan.InfinispanClusterProvider.executeIfNotExecuted(InfinispanClusterProvider.java:78)
	at org.keycloak.services.scheduled.ClusterAwareScheduledTaskRunner.runTask(ClusterAwareScheduledTaskRunner.java:52)
	at org.keycloak.services.scheduled.ScheduledTaskRunner.lambda$run$0(ScheduledTaskRunner.java:59)
	at org.keycloak.models.utils.KeycloakModelUtils.lambda$runJobInTransaction$1(KeycloakModelUtils.java:257)
	at org.keycloak.models.utils.KeycloakModelUtils.runJobInTransactionWithResult(KeycloakModelUtils.java:379)
	at org.keycloak.models.utils.KeycloakModelUtils.runJobInTransaction(KeycloakModelUtils.java:256)
	at org.keycloak.services.scheduled.ScheduledTaskRunner.run(ScheduledTaskRunner.java:53)
	at org.keycloak.timer.basic.BasicTimerProvider$1.run(BasicTimerProvider.java:53)
	at java.base/java.util.TimerThread.mainLoop(Timer.java:566)
	at java.base/java.util.TimerThread.run(Timer.java:516)
Caused by: org.postgresql.util.PSQLException: The connection attempt failed.
	at org.postgresql.core.v3.ConnectionFactoryImpl.openConnectionImpl(ConnectionFactoryImpl.java:358)
	at org.postgresql.core.ConnectionFactory.openConnection(ConnectionFactory.java:54)
	at org.postgresql.jdbc.PgConnection.<init>(PgConnection.java:273)
	at org.postgresql.Driver.makeConnection(Driver.java:446)
	at org.postgresql.Driver.connect(Driver.java:298)
	at java.sql/java.sql.DriverManager.getConnection(DriverManager.java:681)
	at java.sql/java.sql.DriverManager.getConnection(DriverManager.java:229)
	at org.postgresql.ds.common.BaseDataSource.getConnection(BaseDataSource.java:104)
	at org.postgresql.xa.PGXADataSource.getXAConnection(PGXADataSource.java:52)
	at org.postgresql.xa.PGXADataSource.getXAConnection(PGXADataSource.java:37)
	at io.agroal.pool.ConnectionFactory.createConnection(ConnectionFactory.java:231)
	at io.agroal.pool.ConnectionPool$CreateConnectionTask.call(ConnectionPool.java:545)
	at io.agroal.pool.ConnectionPool$CreateConnectionTask.call(ConnectionPool.java:526)
	at java.base/java.util.concurrent.FutureTask.run(FutureTask.java:264)
	at io.agroal.pool.util.PriorityScheduledExecutor.beforeExecute(PriorityScheduledExecutor.java:75)
	at java.base/java.util.concurrent.ThreadPoolExecutor.runWorker(ThreadPoolExecutor.java:1134)
	at java.base/java.util.concurrent.ThreadPoolExecutor$Worker.run(ThreadPoolExecutor.java:635)
	at java.base/java.lang.Thread.run(Thread.java:840)
Caused by: java.net.UnknownHostException: purebliss-postgres
	at java.base/sun.nio.ch.NioSocketImpl.connect(NioSocketImpl.java:572)
	at java.base/java.net.SocksSocketImpl.connect(SocksSocketImpl.java:327)
	at java.base/java.net.Socket.connect(Socket.java:633)
	at org.postgresql.core.PGStream.createSocket(PGStream.java:243)
	at org.postgresql.core.PGStream.<init>(PGStream.java:98)
	at org.postgresql.core.v3.ConnectionFactoryImpl.tryConnect(ConnectionFactoryImpl.java:136)
	at org.postgresql.core.v3.ConnectionFactoryImpl.openConnectionImpl(ConnectionFactoryImpl.java:262)
	... 17 more

2025-08-07 21:20:34,626 WARN  [io.agroal.pool] (agroal-11) Datasource '<default>': FATAL: password authentication failed for user "keycloak"
2025-08-07 21:20:34,627 WARN  [org.hibernate.engine.jdbc.spi.SqlExceptionHelper] (Timer-0) SQL Error: 0, SQLState: 28P01
2025-08-07 21:20:34,627 ERROR [org.hibernate.engine.jdbc.spi.SqlExceptionHelper] (Timer-0) FATAL: password authentication failed for user "keycloak"
2025-08-07 21:20:34,628 ERROR [org.keycloak.services.scheduled.ScheduledTaskRunner] (Timer-0) Failed to run scheduled task ClearExpiredEvents: org.hibernate.exception.GenericJDBCException: Unable to acquire JDBC Connection [FATAL: password authentication failed for user "keycloak"] [n/a]
	at org.hibernate.exception.internal.StandardSQLExceptionConverter.convert(StandardSQLExceptionConverter.java:63)
	at org.hibernate.engine.jdbc.spi.SqlExceptionHelper.convert(SqlExceptionHelper.java:108)
	at org.hibernate.engine.jdbc.spi.SqlExceptionHelper.convert(SqlExceptionHelper.java:94)
	at org.hibernate.resource.jdbc.internal.LogicalConnectionManagedImpl.acquireConnectionIfNeeded(LogicalConnectionManagedImpl.java:116)
	at org.hibernate.resource.jdbc.internal.LogicalConnectionManagedImpl.getPhysicalConnection(LogicalConnectionManagedImpl.java:143)
	at org.hibernate.engine.jdbc.internal.StatementPreparerImpl.connection(StatementPreparerImpl.java:54)
	at org.hibernate.engine.jdbc.internal.StatementPreparerImpl$5.doPrepare(StatementPreparerImpl.java:153)
	at org.hibernate.engine.jdbc.internal.StatementPreparerImpl$StatementPreparationTemplate.prepareStatement(StatementPreparerImpl.java:183)
	at org.hibernate.engine.jdbc.internal.StatementPreparerImpl.prepareQueryStatement(StatementPreparerImpl.java:155)
	at org.hibernate.sql.exec.spi.JdbcSelectExecutor.lambda$list$0(JdbcSelectExecutor.java:85)
	at org.hibernate.sql.results.jdbc.internal.DeferredResultSetAccess.executeQuery(DeferredResultSetAccess.java:231)
	at org.hibernate.sql.results.jdbc.internal.DeferredResultSetAccess.getResultSet(DeferredResultSetAccess.java:167)
	at org.hibernate.sql.results.jdbc.internal.JdbcValuesResultSetImpl.advanceNext(JdbcValuesResultSetImpl.java:218)
	at org.hibernate.sql.results.jdbc.internal.JdbcValuesResultSetImpl.processNext(JdbcValuesResultSetImpl.java:98)
	at org.hibernate.sql.results.jdbc.internal.AbstractJdbcValues.next(AbstractJdbcValues.java:19)
	at org.hibernate.sql.results.internal.RowProcessingStateStandardImpl.next(RowProcessingStateStandardImpl.java:66)
	at org.hibernate.sql.results.spi.ListResultsConsumer.consume(ListResultsConsumer.java:202)
	at org.hibernate.sql.results.spi.ListResultsConsumer.consume(ListResultsConsumer.java:33)
	at org.hibernate.sql.exec.internal.JdbcSelectExecutorStandardImpl.doExecuteQuery(JdbcSelectExecutorStandardImpl.java:209)
	at org.hibernate.sql.exec.internal.JdbcSelectExecutorStandardImpl.executeQuery(JdbcSelectExecutorStandardImpl.java:83)
	at org.hibernate.sql.exec.spi.JdbcSelectExecutor.list(JdbcSelectExecutor.java:76)
	at org.hibernate.sql.exec.spi.JdbcSelectExecutor.list(JdbcSelectExecutor.java:65)
	at org.hibernate.query.sqm.internal.ConcreteSqmSelectQueryPlan.lambda$new$2(ConcreteSqmSelectQueryPlan.java:137)
	at org.hibernate.query.sqm.internal.ConcreteSqmSelectQueryPlan.withCacheableSqmInterpretation(ConcreteSqmSelectQueryPlan.java:362)
	at org.hibernate.query.sqm.internal.ConcreteSqmSelectQueryPlan.performList(ConcreteSqmSelectQueryPlan.java:303)
	at org.hibernate.query.sqm.internal.QuerySqmImpl.doList(QuerySqmImpl.java:509)
	at org.hibernate.query.spi.AbstractSelectionQuery.list(AbstractSelectionQuery.java:427)
	at org.hibernate.query.Query.getResultList(Query.java:120)
	at org.keycloak.events.jpa.JpaEventStoreProvider.clearExpiredEvents(JpaEventStoreProvider.java:94)
	at org.keycloak.services.scheduled.ClearExpiredEvents.run(ClearExpiredEvents.java:39)
	at org.keycloak.services.scheduled.ClusterAwareScheduledTaskRunner$1.call(ClusterAwareScheduledTaskRunner.java:56)
	at org.keycloak.services.scheduled.ClusterAwareScheduledTaskRunner$1.call(ClusterAwareScheduledTaskRunner.java:52)
	at org.keycloak.cluster.infinispan.InfinispanClusterProvider.executeIfNotExecuted(InfinispanClusterProvider.java:78)
	at org.keycloak.services.scheduled.ClusterAwareScheduledTaskRunner.runTask(ClusterAwareScheduledTaskRunner.java:52)
	at org.keycloak.services.scheduled.ScheduledTaskRunner.lambda$run$0(ScheduledTaskRunner.java:59)
	at org.keycloak.models.utils.KeycloakModelUtils.lambda$runJobInTransaction$1(KeycloakModelUtils.java:257)
	at org.keycloak.models.utils.KeycloakModelUtils.runJobInTransactionWithResult(KeycloakModelUtils.java:379)
	at org.keycloak.models.utils.KeycloakModelUtils.runJobInTransaction(KeycloakModelUtils.java:256)
	at org.keycloak.services.scheduled.ScheduledTaskRunner.run(ScheduledTaskRunner.java:53)
	at org.keycloak.timer.basic.BasicTimerProvider$1.run(BasicTimerProvider.java:53)
	at java.base/java.util.TimerThread.mainLoop(Timer.java:566)
	at java.base/java.util.TimerThread.run(Timer.java:516)
Caused by: org.postgresql.util.PSQLException: FATAL: password authentication failed for user "keycloak"
	at org.postgresql.core.v3.ConnectionFactoryImpl.doAuthentication(ConnectionFactoryImpl.java:698)
	at org.postgresql.core.v3.ConnectionFactoryImpl.tryConnect(ConnectionFactoryImpl.java:207)
	at org.postgresql.core.v3.ConnectionFactoryImpl.openConnectionImpl(ConnectionFactoryImpl.java:262)
	at org.postgresql.core.ConnectionFactory.openConnection(ConnectionFactory.java:54)
	at org.postgresql.jdbc.PgConnection.<init>(PgConnection.java:273)
	at org.postgresql.Driver.makeConnection(Driver.java:446)
	at org.postgresql.Driver.connect(Driver.java:298)
	at java.sql/java.sql.DriverManager.getConnection(DriverManager.java:681)
	at java.sql/java.sql.DriverManager.getConnection(DriverManager.java:229)
	at org.postgresql.ds.common.BaseDataSource.getConnection(BaseDataSource.java:104)
	at org.postgresql.xa.PGXADataSource.getXAConnection(PGXADataSource.java:52)
	at org.postgresql.xa.PGXADataSource.getXAConnection(PGXADataSource.java:37)
	at io.agroal.pool.ConnectionFactory.createConnection(ConnectionFactory.java:231)
	at io.agroal.pool.ConnectionPool$CreateConnectionTask.call(ConnectionPool.java:545)
	at io.agroal.pool.ConnectionPool$CreateConnectionTask.call(ConnectionPool.java:526)
	at java.base/java.util.concurrent.FutureTask.run(FutureTask.java:264)
	at io.agroal.pool.util.PriorityScheduledExecutor.beforeExecute(PriorityScheduledExecutor.java:75)
	at java.base/java.util.concurrent.ThreadPoolExecutor.runWorker(ThreadPoolExecutor.java:1134)
	at java.base/java.util.concurrent.ThreadPoolExecutor$Worker.run(ThreadPoolExecutor.java:635)
	at java.base/java.lang.Thread.run(Thread.java:840)

2025-08-07 21:20:34,683 WARN  [io.agroal.pool] (agroal-11) Datasource '<default>': FATAL: password authentication failed for user "keycloak"
2025-08-07 21:20:34,683 WARN  [org.hibernate.engine.jdbc.spi.SqlExceptionHelper] (Timer-0) SQL Error: 0, SQLState: 28P01
2025-08-07 21:20:34,684 ERROR [org.hibernate.engine.jdbc.spi.SqlExceptionHelper] (Timer-0) FATAL: password authentication failed for user "keycloak"
2025-08-07 21:20:34,684 ERROR [org.keycloak.services.scheduled.ScheduledTaskRunner] (Timer-0) Failed to run scheduled task ClearExpiredUserSessions: org.hibernate.exception.GenericJDBCException: Unable to acquire JDBC Connection [FATAL: password authentication failed for user "keycloak"] [n/a]
	at org.hibernate.exception.internal.StandardSQLExceptionConverter.convert(StandardSQLExceptionConverter.java:63)
	at org.hibernate.engine.jdbc.spi.SqlExceptionHelper.convert(SqlExceptionHelper.java:108)
	at org.hibernate.engine.jdbc.spi.SqlExceptionHelper.convert(SqlExceptionHelper.java:94)
	at org.hibernate.resource.jdbc.internal.LogicalConnectionManagedImpl.acquireConnectionIfNeeded(LogicalConnectionManagedImpl.java:116)
	at org.hibernate.resource.jdbc.internal.LogicalConnectionManagedImpl.getPhysicalConnection(LogicalConnectionManagedImpl.java:143)
	at org.hibernate.engine.jdbc.internal.StatementPreparerImpl.connection(StatementPreparerImpl.java:54)
	at org.hibernate.engine.jdbc.internal.StatementPreparerImpl$5.doPrepare(StatementPreparerImpl.java:153)
	at org.hibernate.engine.jdbc.internal.StatementPreparerImpl$StatementPreparationTemplate.prepareStatement(StatementPreparerImpl.java:183)
	at org.hibernate.engine.jdbc.internal.StatementPreparerImpl.prepareQueryStatement(StatementPreparerImpl.java:155)
	at org.hibernate.sql.exec.spi.JdbcSelectExecutor.lambda$scroll$1(JdbcSelectExecutor.java:102)
	at org.hibernate.sql.results.jdbc.internal.DeferredResultSetAccess.executeQuery(DeferredResultSetAccess.java:231)
	at org.hibernate.sql.results.jdbc.internal.DeferredResultSetAccess.getResultSet(DeferredResultSetAccess.java:167)
	at org.hibernate.sql.results.jdbc.internal.JdbcValuesResultSetImpl.advanceNext(JdbcValuesResultSetImpl.java:218)
	at org.hibernate.sql.results.jdbc.internal.JdbcValuesResultSetImpl.processNext(JdbcValuesResultSetImpl.java:98)
	at org.hibernate.sql.results.jdbc.internal.AbstractJdbcValues.next(AbstractJdbcValues.java:19)
	at org.hibernate.sql.results.internal.RowProcessingStateStandardImpl.next(RowProcessingStateStandardImpl.java:66)
	at org.hibernate.internal.ScrollableResultsImpl.next(ScrollableResultsImpl.java:51)
	at org.hibernate.query.internal.ScrollableResultsIterator.hasNext(ScrollableResultsIterator.java:33)
	at java.base/java.util.Iterator.forEachRemaining(Iterator.java:132)
	at java.base/java.util.Spliterators$IteratorSpliterator.forEachRemaining(Spliterators.java:1845)
	at java.base/java.util.stream.AbstractPipeline.copyInto(AbstractPipeline.java:509)
	at java.base/java.util.stream.AbstractPipeline.wrapAndCopyInto(AbstractPipeline.java:499)
	at java.base/java.util.stream.ForEachOps$ForEachOp.evaluateSequential(ForEachOps.java:150)
	at java.base/java.util.stream.ForEachOps$ForEachOp$OfRef.evaluateSequential(ForEachOps.java:173)
	at java.base/java.util.stream.AbstractPipeline.evaluate(AbstractPipeline.java:234)
	at java.base/java.util.stream.ReferencePipeline.forEach(ReferencePipeline.java:596)
	at org.keycloak.utils.ClosingStream.forEach(ClosingStream.java:128)
	at org.keycloak.models.sessions.infinispan.InfinispanUserSessionProvider.removeAllExpired(InfinispanUserSessionProvider.java:630)
	at org.keycloak.services.scheduled.ClearExpiredUserSessions.run(ClearExpiredUserSessions.java:39)
	at org.keycloak.services.scheduled.ClusterAwareScheduledTaskRunner$1.call(ClusterAwareScheduledTaskRunner.java:56)
	at org.keycloak.services.scheduled.ClusterAwareScheduledTaskRunner$1.call(ClusterAwareScheduledTaskRunner.java:52)
	at org.keycloak.cluster.infinispan.InfinispanClusterProvider.executeIfNotExecuted(InfinispanClusterProvider.java:78)
	at org.keycloak.services.scheduled.ClusterAwareScheduledTaskRunner.runTask(ClusterAwareScheduledTaskRunner.java:52)
	at org.keycloak.services.scheduled.ScheduledTaskRunner.lambda$run$0(ScheduledTaskRunner.java:59)
	at org.keycloak.models.utils.KeycloakModelUtils.lambda$runJobInTransaction$1(KeycloakModelUtils.java:257)
	at org.keycloak.models.utils.KeycloakModelUtils.runJobInTransactionWithResult(KeycloakModelUtils.java:379)
	at org.keycloak.models.utils.KeycloakModelUtils.runJobInTransaction(KeycloakModelUtils.java:256)
	at org.keycloak.services.scheduled.ScheduledTaskRunner.run(ScheduledTaskRunner.java:53)
	at org.keycloak.timer.basic.BasicTimerProvider$1.run(BasicTimerProvider.java:53)
	at java.base/java.util.TimerThread.mainLoop(Timer.java:566)
	at java.base/java.util.TimerThread.run(Timer.java:516)
Caused by: org.postgresql.util.PSQLException: FATAL: password authentication failed for user "keycloak"
	at org.postgresql.core.v3.ConnectionFactoryImpl.doAuthentication(ConnectionFactoryImpl.java:698)
	at org.postgresql.core.v3.ConnectionFactoryImpl.tryConnect(ConnectionFactoryImpl.java:207)
	at org.postgresql.core.v3.ConnectionFactoryImpl.openConnectionImpl(ConnectionFactoryImpl.java:262)
	at org.postgresql.core.ConnectionFactory.openConnection(ConnectionFactory.java:54)
	at org.postgresql.jdbc.PgConnection.<init>(PgConnection.java:273)
	at org.postgresql.Driver.makeConnection(Driver.java:446)
	at org.postgresql.Driver.connect(Driver.java:298)
	at java.sql/java.sql.DriverManager.getConnection(DriverManager.java:681)
	at java.sql/java.sql.DriverManager.getConnection(DriverManager.java:229)
	at org.postgresql.ds.common.BaseDataSource.getConnection(BaseDataSource.java:104)
	at org.postgresql.xa.PGXADataSource.getXAConnection(PGXADataSource.java:52)
	at org.postgresql.xa.PGXADataSource.getXAConnection(PGXADataSource.java:37)
	at io.agroal.pool.ConnectionFactory.createConnection(ConnectionFactory.java:231)
	at io.agroal.pool.ConnectionPool$CreateConnectionTask.call(ConnectionPool.java:545)
	at io.agroal.pool.ConnectionPool$CreateConnectionTask.call(ConnectionPool.java:526)
	at java.base/java.util.concurrent.FutureTask.run(FutureTask.java:264)
	at io.agroal.pool.util.PriorityScheduledExecutor.beforeExecute(PriorityScheduledExecutor.java:75)
	at java.base/java.util.concurrent.ThreadPoolExecutor.runWorker(ThreadPoolExecutor.java:1134)
	at java.base/java.util.concurrent.ThreadPoolExecutor$Worker.run(ThreadPoolExecutor.java:635)
	at java.base/java.lang.Thread.run(Thread.java:840)

2025-08-07 21:20:34,727 WARN  [io.agroal.pool] (agroal-11) Datasource '<default>': FATAL: password authentication failed for user "keycloak"
2025-08-07 21:20:34,728 WARN  [org.hibernate.engine.jdbc.spi.SqlExceptionHelper] (Timer-0) SQL Error: 0, SQLState: 28P01
2025-08-07 21:20:34,728 ERROR [org.hibernate.engine.jdbc.spi.SqlExceptionHelper] (Timer-0) FATAL: password authentication failed for user "keycloak"
2025-08-07 21:20:34,729 ERROR [org.keycloak.services.scheduled.ScheduledTaskRunner] (Timer-0) Failed to run scheduled task ClearExpiredAdminEvents: org.hibernate.exception.GenericJDBCException: Unable to acquire JDBC Connection [FATAL: password authentication failed for user "keycloak"] [n/a]
	at org.hibernate.exception.internal.StandardSQLExceptionConverter.convert(StandardSQLExceptionConverter.java:63)
	at org.hibernate.engine.jdbc.spi.SqlExceptionHelper.convert(SqlExceptionHelper.java:108)
	at org.hibernate.engine.jdbc.spi.SqlExceptionHelper.convert(SqlExceptionHelper.java:94)
	at org.hibernate.resource.jdbc.internal.LogicalConnectionManagedImpl.acquireConnectionIfNeeded(LogicalConnectionManagedImpl.java:116)
	at org.hibernate.resource.jdbc.internal.LogicalConnectionManagedImpl.getPhysicalConnection(LogicalConnectionManagedImpl.java:143)
	at org.hibernate.engine.jdbc.internal.StatementPreparerImpl.connection(StatementPreparerImpl.java:54)
	at org.hibernate.engine.jdbc.internal.StatementPreparerImpl$5.doPrepare(StatementPreparerImpl.java:153)
	at org.hibernate.engine.jdbc.internal.StatementPreparerImpl$StatementPreparationTemplate.prepareStatement(StatementPreparerImpl.java:183)
	at org.hibernate.engine.jdbc.internal.StatementPreparerImpl.prepareQueryStatement(StatementPreparerImpl.java:155)
	at org.hibernate.sql.exec.spi.JdbcSelectExecutor.lambda$scroll$1(JdbcSelectExecutor.java:102)
	at org.hibernate.sql.results.jdbc.internal.DeferredResultSetAccess.executeQuery(DeferredResultSetAccess.java:231)
	at org.hibernate.sql.results.jdbc.internal.DeferredResultSetAccess.getResultSet(DeferredResultSetAccess.java:167)
	at org.hibernate.sql.results.jdbc.internal.JdbcValuesResultSetImpl.advanceNext(JdbcValuesResultSetImpl.java:218)
	at org.hibernate.sql.results.jdbc.internal.JdbcValuesResultSetImpl.processNext(JdbcValuesResultSetImpl.java:98)
	at org.hibernate.sql.results.jdbc.internal.AbstractJdbcValues.next(AbstractJdbcValues.java:19)
	at org.hibernate.sql.results.internal.RowProcessingStateStandardImpl.next(RowProcessingStateStandardImpl.java:66)
	at org.hibernate.internal.ScrollableResultsImpl.next(ScrollableResultsImpl.java:51)
	at org.hibernate.query.internal.ScrollableResultsIterator.hasNext(ScrollableResultsIterator.java:33)
	at java.base/java.util.Iterator.forEachRemaining(Iterator.java:132)
	at java.base/java.util.Spliterators$IteratorSpliterator.forEachRemaining(Spliterators.java:1845)
	at java.base/java.util.stream.AbstractPipeline.copyInto(AbstractPipeline.java:509)
	at java.base/java.util.stream.AbstractPipeline.wrapAndCopyInto(AbstractPipeline.java:499)
	at java.base/java.util.stream.ReduceOps$ReduceOp.evaluateSequential(ReduceOps.java:921)
	at java.base/java.util.stream.AbstractPipeline.evaluate(AbstractPipeline.java:234)
	at java.base/java.util.stream.ReferencePipeline.collect(ReferencePipeline.java:682)
	at org.keycloak.events.jpa.JpaEventStoreProvider.clearExpiredAdminEvents(JpaEventStoreProvider.java:265)
	at org.keycloak.events.jpa.JpaEventStoreProviderFactory.invalidate(JpaEventStoreProviderFactory.java:63)
	at org.keycloak.services.DefaultKeycloakSessionFactory.lambda$invalidate$0(DefaultKeycloakSessionFactory.java:367)
	at java.base/java.util.stream.ForEachOps$ForEachOp$OfRef.accept(ForEachOps.java:183)
	at java.base/java.util.stream.ReferencePipeline$3$1.accept(ReferencePipeline.java:197)
	at java.base/java.util.stream.ReferencePipeline$2$1.accept(ReferencePipeline.java:179)
	at java.base/java.util.HashMap$ValueSpliterator.forEachRemaining(HashMap.java:1779)
	at java.base/java.util.stream.ReferencePipeline$Head.forEach(ReferencePipeline.java:762)
	at java.base/java.util.stream.ReferencePipeline$7$1.accept(ReferencePipeline.java:276)
	at java.base/java.util.stream.ReferencePipeline$3$1.accept(ReferencePipeline.java:197)
	at java.base/java.util.HashMap$ValueSpliterator.forEachRemaining(HashMap.java:1779)
	at java.base/java.util.stream.AbstractPipeline.copyInto(AbstractPipeline.java:509)
	at java.base/java.util.stream.AbstractPipeline.wrapAndCopyInto(AbstractPipeline.java:499)
	at java.base/java.util.stream.ForEachOps$ForEachOp.evaluateSequential(ForEachOps.java:150)
	at java.base/java.util.stream.ForEachOps$ForEachOp$OfRef.evaluateSequential(ForEachOps.java:173)
	at java.base/java.util.stream.AbstractPipeline.evaluate(AbstractPipeline.java:234)
	at java.base/java.util.stream.ReferencePipeline.forEach(ReferencePipeline.java:596)
	at org.keycloak.services.DefaultKeycloakSessionFactory.invalidate(DefaultKeycloakSessionFactory.java:367)
	at org.keycloak.services.DefaultKeycloakSession.invalidate(DefaultKeycloakSession.java:108)
	at org.keycloak.services.scheduled.ClearExpiredAdminEvents.run(ClearExpiredAdminEvents.java:33)
	at org.keycloak.services.scheduled.ClusterAwareScheduledTaskRunner$1.call(ClusterAwareScheduledTaskRunner.java:56)
	at org.keycloak.services.scheduled.ClusterAwareScheduledTaskRunner$1.call(ClusterAwareScheduledTaskRunner.java:52)
	at org.keycloak.cluster.infinispan.InfinispanClusterProvider.executeIfNotExecuted(InfinispanClusterProvider.java:78)
	at org.keycloak.services.scheduled.ClusterAwareScheduledTaskRunner.runTask(ClusterAwareScheduledTaskRunner.java:52)
	at org.keycloak.services.scheduled.ScheduledTaskRunner.lambda$run$0(ScheduledTaskRunner.java:59)
	at org.keycloak.models.utils.KeycloakModelUtils.lambda$runJobInTransaction$1(KeycloakModelUtils.java:257)
	at org.keycloak.models.utils.KeycloakModelUtils.runJobInTransactionWithResult(KeycloakModelUtils.java:379)
	at org.keycloak.models.utils.KeycloakModelUtils.runJobInTransaction(KeycloakModelUtils.java:256)
	at org.keycloak.services.scheduled.ScheduledTaskRunner.run(ScheduledTaskRunner.java:53)
	at org.keycloak.timer.basic.BasicTimerProvider$1.run(BasicTimerProvider.java:53)
	at java.base/java.util.TimerThread.mainLoop(Timer.java:566)
	at java.base/java.util.TimerThread.run(Timer.java:516)
Caused by: org.postgresql.util.PSQLException: FATAL: password authentication failed for user "keycloak"
	at org.postgresql.core.v3.ConnectionFactoryImpl.doAuthentication(ConnectionFactoryImpl.java:698)
	at org.postgresql.core.v3.ConnectionFactoryImpl.tryConnect(ConnectionFactoryImpl.java:207)
	at org.postgresql.core.v3.ConnectionFactoryImpl.openConnectionImpl(ConnectionFactoryImpl.java:262)
	at org.postgresql.core.ConnectionFactory.openConnection(ConnectionFactory.java:54)
	at org.postgresql.jdbc.PgConnection.<init>(PgConnection.java:273)
	at org.postgresql.Driver.makeConnection(Driver.java:446)
	at org.postgresql.Driver.connect(Driver.java:298)
	at java.sql/java.sql.DriverManager.getConnection(DriverManager.java:681)
	at java.sql/java.sql.DriverManager.getConnection(DriverManager.java:229)
	at org.postgresql.ds.common.BaseDataSource.getConnection(BaseDataSource.java:104)
	at org.postgresql.xa.PGXADataSource.getXAConnection(PGXADataSource.java:52)
	at org.postgresql.xa.PGXADataSource.getXAConnection(PGXADataSource.java:37)
	at io.agroal.pool.ConnectionFactory.createConnection(ConnectionFactory.java:231)
	at io.agroal.pool.ConnectionPool$CreateConnectionTask.call(ConnectionPool.java:545)
	at io.agroal.pool.ConnectionPool$CreateConnectionTask.call(ConnectionPool.java:526)
	at java.base/java.util.concurrent.FutureTask.run(FutureTask.java:264)
	at io.agroal.pool.util.PriorityScheduledExecutor.beforeExecute(PriorityScheduledExecutor.java:75)
	at java.base/java.util.concurrent.ThreadPoolExecutor.runWorker(ThreadPoolExecutor.java:1134)
	at java.base/java.util.concurrent.ThreadPoolExecutor$Worker.run(ThreadPoolExecutor.java:635)
	at java.base/java.lang.Thread.run(Thread.java:840)

2025-08-07 21:20:34,773 WARN  [io.agroal.pool] (agroal-11) Datasource '<default>': FATAL: password authentication failed for user "keycloak"
2025-08-07 21:20:34,774 WARN  [org.hibernate.engine.jdbc.spi.SqlExceptionHelper] (Timer-0) SQL Error: 0, SQLState: 28P01
2025-08-07 21:20:34,774 ERROR [org.hibernate.engine.jdbc.spi.SqlExceptionHelper] (Timer-0) FATAL: password authentication failed for user "keycloak"
2025-08-07 21:20:34,775 ERROR [org.keycloak.services.scheduled.ScheduledTaskRunner] (Timer-0) Failed to run scheduled task ClearExpiredClientInitialAccessTokens: org.hibernate.exception.GenericJDBCException: Unable to acquire JDBC Connection [FATAL: password authentication failed for user "keycloak"] [n/a]
	at org.hibernate.exception.internal.StandardSQLExceptionConverter.convert(StandardSQLExceptionConverter.java:63)
	at org.hibernate.engine.jdbc.spi.SqlExceptionHelper.convert(SqlExceptionHelper.java:108)
	at org.hibernate.engine.jdbc.spi.SqlExceptionHelper.convert(SqlExceptionHelper.java:94)
	at org.hibernate.resource.jdbc.internal.LogicalConnectionManagedImpl.acquireConnectionIfNeeded(LogicalConnectionManagedImpl.java:116)
	at org.hibernate.resource.jdbc.internal.LogicalConnectionManagedImpl.getPhysicalConnection(LogicalConnectionManagedImpl.java:143)
	at org.hibernate.engine.jdbc.internal.StatementPreparerImpl.connection(StatementPreparerImpl.java:54)
	at org.hibernate.engine.jdbc.internal.StatementPreparerImpl$1.doPrepare(StatementPreparerImpl.java:94)
	at org.hibernate.engine.jdbc.internal.StatementPreparerImpl$StatementPreparationTemplate.prepareStatement(StatementPreparerImpl.java:183)
	at org.hibernate.engine.jdbc.internal.StatementPreparerImpl.prepareStatement(StatementPreparerImpl.java:79)
	at org.hibernate.query.sqm.internal.SimpleDeleteQueryPlan.lambda$executeUpdate$2(SimpleDeleteQueryPlan.java:197)
	at org.hibernate.sql.exec.internal.StandardJdbcMutationExecutor.execute(StandardJdbcMutationExecutor.java:64)
	at org.hibernate.query.sqm.internal.SimpleDeleteQueryPlan.executeUpdate(SimpleDeleteQueryPlan.java:191)
	at org.hibernate.query.sqm.internal.QuerySqmImpl.doExecuteUpdate(QuerySqmImpl.java:705)
	at org.hibernate.query.sqm.internal.QuerySqmImpl.executeUpdate(QuerySqmImpl.java:675)
	at org.keycloak.models.jpa.JpaRealmProvider.removeExpiredClientInitialAccess(JpaRealmProvider.java:1167)
	at org.keycloak.models.cache.infinispan.RealmCacheSession.removeExpiredClientInitialAccess(RealmCacheSession.java:1483)
	at org.keycloak.services.scheduled.ClearExpiredClientInitialAccessTokens.run(ClearExpiredClientInitialAccessTokens.java:30)
	at org.keycloak.services.scheduled.ClusterAwareScheduledTaskRunner$1.call(ClusterAwareScheduledTaskRunner.java:56)
	at org.keycloak.services.scheduled.ClusterAwareScheduledTaskRunner$1.call(ClusterAwareScheduledTaskRunner.java:52)
	at org.keycloak.cluster.infinispan.InfinispanClusterProvider.executeIfNotExecuted(InfinispanClusterProvider.java:78)
	at org.keycloak.services.scheduled.ClusterAwareScheduledTaskRunner.runTask(ClusterAwareScheduledTaskRunner.java:52)
	at org.keycloak.services.scheduled.ScheduledTaskRunner.lambda$run$0(ScheduledTaskRunner.java:59)
	at org.keycloak.models.utils.KeycloakModelUtils.lambda$runJobInTransaction$1(KeycloakModelUtils.java:257)
	at org.keycloak.models.utils.KeycloakModelUtils.runJobInTransactionWithResult(KeycloakModelUtils.java:379)
	at org.keycloak.models.utils.KeycloakModelUtils.runJobInTransaction(KeycloakModelUtils.java:256)
	at org.keycloak.services.scheduled.ScheduledTaskRunner.run(ScheduledTaskRunner.java:53)
	at org.keycloak.timer.basic.BasicTimerProvider$1.run(BasicTimerProvider.java:53)
	at java.base/java.util.TimerThread.mainLoop(Timer.java:566)
	at java.base/java.util.TimerThread.run(Timer.java:516)
Caused by: org.postgresql.util.PSQLException: FATAL: password authentication failed for user "keycloak"
	at org.postgresql.core.v3.ConnectionFactoryImpl.doAuthentication(ConnectionFactoryImpl.java:698)
	at org.postgresql.core.v3.ConnectionFactoryImpl.tryConnect(ConnectionFactoryImpl.java:207)
	at org.postgresql.core.v3.ConnectionFactoryImpl.openConnectionImpl(ConnectionFactoryImpl.java:262)
	at org.postgresql.core.ConnectionFactory.openConnection(ConnectionFactory.java:54)
	at org.postgresql.jdbc.PgConnection.<init>(PgConnection.java:273)
	at org.postgresql.Driver.makeConnection(Driver.java:446)
	at org.postgresql.Driver.connect(Driver.java:298)
	at java.sql/java.sql.DriverManager.getConnection(DriverManager.java:681)
	at java.sql/java.sql.DriverManager.getConnection(DriverManager.java:229)
	at org.postgresql.ds.common.BaseDataSource.getConnection(BaseDataSource.java:104)
	at org.postgresql.xa.PGXADataSource.getXAConnection(PGXADataSource.java:52)
	at org.postgresql.xa.PGXADataSource.getXAConnection(PGXADataSource.java:37)
	at io.agroal.pool.ConnectionFactory.createConnection(ConnectionFactory.java:231)
	at io.agroal.pool.ConnectionPool$CreateConnectionTask.call(ConnectionPool.java:545)
	at io.agroal.pool.ConnectionPool$CreateConnectionTask.call(ConnectionPool.java:526)
	at java.base/java.util.concurrent.FutureTask.run(FutureTask.java:264)
	at io.agroal.pool.util.PriorityScheduledExecutor.beforeExecute(PriorityScheduledExecutor.java:75)
	at java.base/java.util.concurrent.ThreadPoolExecutor.runWorker(ThreadPoolExecutor.java:1134)
	at java.base/java.util.concurrent.ThreadPoolExecutor$Worker.run(ThreadPoolExecutor.java:635)
	at java.base/java.lang.Thread.run(Thread.java:840)

2025-08-07 21:35:34,626 WARN  [io.agroal.pool] (agroal-11) Datasource '<default>': FATAL: password authentication failed for user "keycloak"
2025-08-07 21:35:34,627 WARN  [org.hibernate.engine.jdbc.spi.SqlExceptionHelper] (Timer-0) SQL Error: 0, SQLState: 28P01
2025-08-07 21:35:34,627 ERROR [org.hibernate.engine.jdbc.spi.SqlExceptionHelper] (Timer-0) FATAL: password authentication failed for user "keycloak"
2025-08-07 21:35:34,627 ERROR [org.keycloak.services.scheduled.ScheduledTaskRunner] (Timer-0) Failed to run scheduled task ClearExpiredEvents: org.hibernate.exception.GenericJDBCException: Unable to acquire JDBC Connection [FATAL: password authentication failed for user "keycloak"] [n/a]
	at org.hibernate.exception.internal.StandardSQLExceptionConverter.convert(StandardSQLExceptionConverter.java:63)
	at org.hibernate.engine.jdbc.spi.SqlExceptionHelper.convert(SqlExceptionHelper.java:108)
	at org.hibernate.engine.jdbc.spi.SqlExceptionHelper.convert(SqlExceptionHelper.java:94)
	at org.hibernate.resource.jdbc.internal.LogicalConnectionManagedImpl.acquireConnectionIfNeeded(LogicalConnectionManagedImpl.java:116)
	at org.hibernate.resource.jdbc.internal.LogicalConnectionManagedImpl.getPhysicalConnection(LogicalConnectionManagedImpl.java:143)
	at org.hibernate.engine.jdbc.internal.StatementPreparerImpl.connection(StatementPreparerImpl.java:54)
	at org.hibernate.engine.jdbc.internal.StatementPreparerImpl$5.doPrepare(StatementPreparerImpl.java:153)
	at org.hibernate.engine.jdbc.internal.StatementPreparerImpl$StatementPreparationTemplate.prepareStatement(StatementPreparerImpl.java:183)
	at org.hibernate.engine.jdbc.internal.StatementPreparerImpl.prepareQueryStatement(StatementPreparerImpl.java:155)
	at org.hibernate.sql.exec.spi.JdbcSelectExecutor.lambda$list$0(JdbcSelectExecutor.java:85)
	at org.hibernate.sql.results.jdbc.internal.DeferredResultSetAccess.executeQuery(DeferredResultSetAccess.java:231)
	at org.hibernate.sql.results.jdbc.internal.DeferredResultSetAccess.getResultSet(DeferredResultSetAccess.java:167)
	at org.hibernate.sql.results.jdbc.internal.JdbcValuesResultSetImpl.advanceNext(JdbcValuesResultSetImpl.java:218)
	at org.hibernate.sql.results.jdbc.internal.JdbcValuesResultSetImpl.processNext(JdbcValuesResultSetImpl.java:98)
	at org.hibernate.sql.results.jdbc.internal.AbstractJdbcValues.next(AbstractJdbcValues.java:19)
	at org.hibernate.sql.results.internal.RowProcessingStateStandardImpl.next(RowProcessingStateStandardImpl.java:66)
	at org.hibernate.sql.results.spi.ListResultsConsumer.consume(ListResultsConsumer.java:202)
	at org.hibernate.sql.results.spi.ListResultsConsumer.consume(ListResultsConsumer.java:33)
	at org.hibernate.sql.exec.internal.JdbcSelectExecutorStandardImpl.doExecuteQuery(JdbcSelectExecutorStandardImpl.java:209)
	at org.hibernate.sql.exec.internal.JdbcSelectExecutorStandardImpl.executeQuery(JdbcSelectExecutorStandardImpl.java:83)
	at org.hibernate.sql.exec.spi.JdbcSelectExecutor.list(JdbcSelectExecutor.java:76)
	at org.hibernate.sql.exec.spi.JdbcSelectExecutor.list(JdbcSelectExecutor.java:65)
	at org.hibernate.query.sqm.internal.ConcreteSqmSelectQueryPlan.lambda$new$2(ConcreteSqmSelectQueryPlan.java:137)
	at org.hibernate.query.sqm.internal.ConcreteSqmSelectQueryPlan.withCacheableSqmInterpretation(ConcreteSqmSelectQueryPlan.java:362)
	at org.hibernate.query.sqm.internal.ConcreteSqmSelectQueryPlan.performList(ConcreteSqmSelectQueryPlan.java:303)
	at org.hibernate.query.sqm.internal.QuerySqmImpl.doList(QuerySqmImpl.java:509)
	at org.hibernate.query.spi.AbstractSelectionQuery.list(AbstractSelectionQuery.java:427)
	at org.hibernate.query.Query.getResultList(Query.java:120)
	at org.keycloak.events.jpa.JpaEventStoreProvider.clearExpiredEvents(JpaEventStoreProvider.java:94)
	at org.keycloak.services.scheduled.ClearExpiredEvents.run(ClearExpiredEvents.java:39)
	at org.keycloak.services.scheduled.ClusterAwareScheduledTaskRunner$1.call(ClusterAwareScheduledTaskRunner.java:56)
	at org.keycloak.services.scheduled.ClusterAwareScheduledTaskRunner$1.call(ClusterAwareScheduledTaskRunner.java:52)
	at org.keycloak.cluster.infinispan.InfinispanClusterProvider.executeIfNotExecuted(InfinispanClusterProvider.java:78)
	at org.keycloak.services.scheduled.ClusterAwareScheduledTaskRunner.runTask(ClusterAwareScheduledTaskRunner.java:52)
	at org.keycloak.services.scheduled.ScheduledTaskRunner.lambda$run$0(ScheduledTaskRunner.java:59)
	at org.keycloak.models.utils.KeycloakModelUtils.lambda$runJobInTransaction$1(KeycloakModelUtils.java:257)
	at org.keycloak.models.utils.KeycloakModelUtils.runJobInTransactionWithResult(KeycloakModelUtils.java:379)
	at org.keycloak.models.utils.KeycloakModelUtils.runJobInTransaction(KeycloakModelUtils.java:256)
	at org.keycloak.services.scheduled.ScheduledTaskRunner.run(ScheduledTaskRunner.java:53)
	at org.keycloak.timer.basic.BasicTimerProvider$1.run(BasicTimerProvider.java:53)
	at java.base/java.util.TimerThread.mainLoop(Timer.java:566)
	at java.base/java.util.TimerThread.run(Timer.java:516)
Caused by: org.postgresql.util.PSQLException: FATAL: password authentication failed for user "keycloak"
	at org.postgresql.core.v3.ConnectionFactoryImpl.doAuthentication(ConnectionFactoryImpl.java:698)
	at org.postgresql.core.v3.ConnectionFactoryImpl.tryConnect(ConnectionFactoryImpl.java:207)
	at org.postgresql.core.v3.ConnectionFactoryImpl.openConnectionImpl(ConnectionFactoryImpl.java:262)
	at org.postgresql.core.ConnectionFactory.openConnection(ConnectionFactory.java:54)
	at org.postgresql.jdbc.PgConnection.<init>(PgConnection.java:273)
	at org.postgresql.Driver.makeConnection(Driver.java:446)
	at org.postgresql.Driver.connect(Driver.java:298)
	at java.sql/java.sql.DriverManager.getConnection(DriverManager.java:681)
	at java.sql/java.sql.DriverManager.getConnection(DriverManager.java:229)
	at org.postgresql.ds.common.BaseDataSource.getConnection(BaseDataSource.java:104)
	at org.postgresql.xa.PGXADataSource.getXAConnection(PGXADataSource.java:52)
	at org.postgresql.xa.PGXADataSource.getXAConnection(PGXADataSource.java:37)
	at io.agroal.pool.ConnectionFactory.createConnection(ConnectionFactory.java:231)
	at io.agroal.pool.ConnectionPool$CreateConnectionTask.call(ConnectionPool.java:545)
	at io.agroal.pool.ConnectionPool$CreateConnectionTask.call(ConnectionPool.java:526)
	at java.base/java.util.concurrent.FutureTask.run(FutureTask.java:264)
	at io.agroal.pool.util.PriorityScheduledExecutor.beforeExecute(PriorityScheduledExecutor.java:75)
	at java.base/java.util.concurrent.ThreadPoolExecutor.runWorker(ThreadPoolExecutor.java:1134)
	at java.base/java.util.concurrent.ThreadPoolExecutor$Worker.run(ThreadPoolExecutor.java:635)
	at java.base/java.lang.Thread.run(Thread.java:840)

2025-08-07 21:35:34,684 WARN  [io.agroal.pool] (agroal-11) Datasource '<default>': FATAL: password authentication failed for user "keycloak"
2025-08-07 21:35:34,685 WARN  [org.hibernate.engine.jdbc.spi.SqlExceptionHelper] (Timer-0) SQL Error: 0, SQLState: 28P01
2025-08-07 21:35:34,685 ERROR [org.hibernate.engine.jdbc.spi.SqlExceptionHelper] (Timer-0) FATAL: password authentication failed for user "keycloak"
2025-08-07 21:35:34,685 ERROR [org.keycloak.services.scheduled.ScheduledTaskRunner] (Timer-0) Failed to run scheduled task ClearExpiredUserSessions: org.hibernate.exception.GenericJDBCException: Unable to acquire JDBC Connection [FATAL: password authentication failed for user "keycloak"] [n/a]
	at org.hibernate.exception.internal.StandardSQLExceptionConverter.convert(StandardSQLExceptionConverter.java:63)
	at org.hibernate.engine.jdbc.spi.SqlExceptionHelper.convert(SqlExceptionHelper.java:108)
	at org.hibernate.engine.jdbc.spi.SqlExceptionHelper.convert(SqlExceptionHelper.java:94)
	at org.hibernate.resource.jdbc.internal.LogicalConnectionManagedImpl.acquireConnectionIfNeeded(LogicalConnectionManagedImpl.java:116)
	at org.hibernate.resource.jdbc.internal.LogicalConnectionManagedImpl.getPhysicalConnection(LogicalConnectionManagedImpl.java:143)
	at org.hibernate.engine.jdbc.internal.StatementPreparerImpl.connection(StatementPreparerImpl.java:54)
	at org.hibernate.engine.jdbc.internal.StatementPreparerImpl$5.doPrepare(StatementPreparerImpl.java:153)
	at org.hibernate.engine.jdbc.internal.StatementPreparerImpl$StatementPreparationTemplate.prepareStatement(StatementPreparerImpl.java:183)
	at org.hibernate.engine.jdbc.internal.StatementPreparerImpl.prepareQueryStatement(StatementPreparerImpl.java:155)
	at org.hibernate.sql.exec.spi.JdbcSelectExecutor.lambda$scroll$1(JdbcSelectExecutor.java:102)
	at org.hibernate.sql.results.jdbc.internal.DeferredResultSetAccess.executeQuery(DeferredResultSetAccess.java:231)
	at org.hibernate.sql.results.jdbc.internal.DeferredResultSetAccess.getResultSet(DeferredResultSetAccess.java:167)
	at org.hibernate.sql.results.jdbc.internal.JdbcValuesResultSetImpl.advanceNext(JdbcValuesResultSetImpl.java:218)
	at org.hibernate.sql.results.jdbc.internal.JdbcValuesResultSetImpl.processNext(JdbcValuesResultSetImpl.java:98)
	at org.hibernate.sql.results.jdbc.internal.AbstractJdbcValues.next(AbstractJdbcValues.java:19)
	at org.hibernate.sql.results.internal.RowProcessingStateStandardImpl.next(RowProcessingStateStandardImpl.java:66)
	at org.hibernate.internal.ScrollableResultsImpl.next(ScrollableResultsImpl.java:51)
	at org.hibernate.query.internal.ScrollableResultsIterator.hasNext(ScrollableResultsIterator.java:33)
	at java.base/java.util.Iterator.forEachRemaining(Iterator.java:132)
	at java.base/java.util.Spliterators$IteratorSpliterator.forEachRemaining(Spliterators.java:1845)
	at java.base/java.util.stream.AbstractPipeline.copyInto(AbstractPipeline.java:509)
	at java.base/java.util.stream.AbstractPipeline.wrapAndCopyInto(AbstractPipeline.java:499)
	at java.base/java.util.stream.ForEachOps$ForEachOp.evaluateSequential(ForEachOps.java:150)
	at java.base/java.util.stream.ForEachOps$ForEachOp$OfRef.evaluateSequential(ForEachOps.java:173)
	at java.base/java.util.stream.AbstractPipeline.evaluate(AbstractPipeline.java:234)
	at java.base/java.util.stream.ReferencePipeline.forEach(ReferencePipeline.java:596)
	at org.keycloak.utils.ClosingStream.forEach(ClosingStream.java:128)
	at org.keycloak.models.sessions.infinispan.InfinispanUserSessionProvider.removeAllExpired(InfinispanUserSessionProvider.java:630)
	at org.keycloak.services.scheduled.ClearExpiredUserSessions.run(ClearExpiredUserSessions.java:39)
	at org.keycloak.services.scheduled.ClusterAwareScheduledTaskRunner$1.call(ClusterAwareScheduledTaskRunner.java:56)
	at org.keycloak.services.scheduled.ClusterAwareScheduledTaskRunner$1.call(ClusterAwareScheduledTaskRunner.java:52)
	at org.keycloak.cluster.infinispan.InfinispanClusterProvider.executeIfNotExecuted(InfinispanClusterProvider.java:78)
	at org.keycloak.services.scheduled.ClusterAwareScheduledTaskRunner.runTask(ClusterAwareScheduledTaskRunner.java:52)
	at org.keycloak.services.scheduled.ScheduledTaskRunner.lambda$run$0(ScheduledTaskRunner.java:59)
	at org.keycloak.models.utils.KeycloakModelUtils.lambda$runJobInTransaction$1(KeycloakModelUtils.java:257)
	at org.keycloak.models.utils.KeycloakModelUtils.runJobInTransactionWithResult(KeycloakModelUtils.java:379)
	at org.keycloak.models.utils.KeycloakModelUtils.runJobInTransaction(KeycloakModelUtils.java:256)
	at org.keycloak.services.scheduled.ScheduledTaskRunner.run(ScheduledTaskRunner.java:53)
	at org.keycloak.timer.basic.BasicTimerProvider$1.run(BasicTimerProvider.java:53)
	at java.base/java.util.TimerThread.mainLoop(Timer.java:566)
	at java.base/java.util.TimerThread.run(Timer.java:516)
Caused by: org.postgresql.util.PSQLException: FATAL: password authentication failed for user "keycloak"
	at org.postgresql.core.v3.ConnectionFactoryImpl.doAuthentication(ConnectionFactoryImpl.java:698)
	at org.postgresql.core.v3.ConnectionFactoryImpl.tryConnect(ConnectionFactoryImpl.java:207)
	at org.postgresql.core.v3.ConnectionFactoryImpl.openConnectionImpl(ConnectionFactoryImpl.java:262)
	at org.postgresql.core.ConnectionFactory.openConnection(ConnectionFactory.java:54)
	at org.postgresql.jdbc.PgConnection.<init>(PgConnection.java:273)
	at org.postgresql.Driver.makeConnection(Driver.java:446)
	at org.postgresql.Driver.connect(Driver.java:298)
	at java.sql/java.sql.DriverManager.getConnection(DriverManager.java:681)
	at java.sql/java.sql.DriverManager.getConnection(DriverManager.java:229)
	at org.postgresql.ds.common.BaseDataSource.getConnection(BaseDataSource.java:104)
	at org.postgresql.xa.PGXADataSource.getXAConnection(PGXADataSource.java:52)
	at org.postgresql.xa.PGXADataSource.getXAConnection(PGXADataSource.java:37)
	at io.agroal.pool.ConnectionFactory.createConnection(ConnectionFactory.java:231)
	at io.agroal.pool.ConnectionPool$CreateConnectionTask.call(ConnectionPool.java:545)
	at io.agroal.pool.ConnectionPool$CreateConnectionTask.call(ConnectionPool.java:526)
	at java.base/java.util.concurrent.FutureTask.run(FutureTask.java:264)
	at io.agroal.pool.util.PriorityScheduledExecutor.beforeExecute(PriorityScheduledExecutor.java:75)
	at java.base/java.util.concurrent.ThreadPoolExecutor.runWorker(ThreadPoolExecutor.java:1134)
	at java.base/java.util.concurrent.ThreadPoolExecutor$Worker.run(ThreadPoolExecutor.java:635)
	at java.base/java.lang.Thread.run(Thread.java:840)

2025-08-07 21:35:34,727 WARN  [io.agroal.pool] (agroal-11) Datasource '<default>': FATAL: password authentication failed for user "keycloak"
2025-08-07 21:35:34,728 WARN  [org.hibernate.engine.jdbc.spi.SqlExceptionHelper] (Timer-0) SQL Error: 0, SQLState: 28P01
2025-08-07 21:35:34,728 ERROR [org.hibernate.engine.jdbc.spi.SqlExceptionHelper] (Timer-0) FATAL: password authentication failed for user "keycloak"
2025-08-07 21:35:34,728 ERROR [org.keycloak.services.scheduled.ScheduledTaskRunner] (Timer-0) Failed to run scheduled task ClearExpiredAdminEvents: org.hibernate.exception.GenericJDBCException: Unable to acquire JDBC Connection [FATAL: password authentication failed for user "keycloak"] [n/a]
	at org.hibernate.exception.internal.StandardSQLExceptionConverter.convert(StandardSQLExceptionConverter.java:63)
	at org.hibernate.engine.jdbc.spi.SqlExceptionHelper.convert(SqlExceptionHelper.java:108)
	at org.hibernate.engine.jdbc.spi.SqlExceptionHelper.convert(SqlExceptionHelper.java:94)
	at org.hibernate.resource.jdbc.internal.LogicalConnectionManagedImpl.acquireConnectionIfNeeded(LogicalConnectionManagedImpl.java:116)
	at org.hibernate.resource.jdbc.internal.LogicalConnectionManagedImpl.getPhysicalConnection(LogicalConnectionManagedImpl.java:143)
	at org.hibernate.engine.jdbc.internal.StatementPreparerImpl.connection(StatementPreparerImpl.java:54)
	at org.hibernate.engine.jdbc.internal.StatementPreparerImpl$5.doPrepare(StatementPreparerImpl.java:153)
	at org.hibernate.engine.jdbc.internal.StatementPreparerImpl$StatementPreparationTemplate.prepareStatement(StatementPreparerImpl.java:183)
	at org.hibernate.engine.jdbc.internal.StatementPreparerImpl.prepareQueryStatement(StatementPreparerImpl.java:155)
	at org.hibernate.sql.exec.spi.JdbcSelectExecutor.lambda$scroll$1(JdbcSelectExecutor.java:102)
	at org.hibernate.sql.results.jdbc.internal.DeferredResultSetAccess.executeQuery(DeferredResultSetAccess.java:231)
	at org.hibernate.sql.results.jdbc.internal.DeferredResultSetAccess.getResultSet(DeferredResultSetAccess.java:167)
	at org.hibernate.sql.results.jdbc.internal.JdbcValuesResultSetImpl.advanceNext(JdbcValuesResultSetImpl.java:218)
	at org.hibernate.sql.results.jdbc.internal.JdbcValuesResultSetImpl.processNext(JdbcValuesResultSetImpl.java:98)
	at org.hibernate.sql.results.jdbc.internal.AbstractJdbcValues.next(AbstractJdbcValues.java:19)
	at org.hibernate.sql.results.internal.RowProcessingStateStandardImpl.next(RowProcessingStateStandardImpl.java:66)
	at org.hibernate.internal.ScrollableResultsImpl.next(ScrollableResultsImpl.java:51)
	at org.hibernate.query.internal.ScrollableResultsIterator.hasNext(ScrollableResultsIterator.java:33)
	at java.base/java.util.Iterator.forEachRemaining(Iterator.java:132)
	at java.base/java.util.Spliterators$IteratorSpliterator.forEachRemaining(Spliterators.java:1845)
	at java.base/java.util.stream.AbstractPipeline.copyInto(AbstractPipeline.java:509)
	at java.base/java.util.stream.AbstractPipeline.wrapAndCopyInto(AbstractPipeline.java:499)
	at java.base/java.util.stream.ReduceOps$ReduceOp.evaluateSequential(ReduceOps.java:921)
	at java.base/java.util.stream.AbstractPipeline.evaluate(AbstractPipeline.java:234)
	at java.base/java.util.stream.ReferencePipeline.collect(ReferencePipeline.java:682)
	at org.keycloak.events.jpa.JpaEventStoreProvider.clearExpiredAdminEvents(JpaEventStoreProvider.java:265)
	at org.keycloak.events.jpa.JpaEventStoreProviderFactory.invalidate(JpaEventStoreProviderFactory.java:63)
	at org.keycloak.services.DefaultKeycloakSessionFactory.lambda$invalidate$0(DefaultKeycloakSessionFactory.java:367)
	at java.base/java.util.stream.ForEachOps$ForEachOp$OfRef.accept(ForEachOps.java:183)
	at java.base/java.util.stream.ReferencePipeline$3$1.accept(ReferencePipeline.java:197)
	at java.base/java.util.stream.ReferencePipeline$2$1.accept(ReferencePipeline.java:179)
	at java.base/java.util.HashMap$ValueSpliterator.forEachRemaining(HashMap.java:1779)
	at java.base/java.util.stream.ReferencePipeline$Head.forEach(ReferencePipeline.java:762)
	at java.base/java.util.stream.ReferencePipeline$7$1.accept(ReferencePipeline.java:276)
	at java.base/java.util.stream.ReferencePipeline$3$1.accept(ReferencePipeline.java:197)
	at java.base/java.util.HashMap$ValueSpliterator.forEachRemaining(HashMap.java:1779)
	at java.base/java.util.stream.AbstractPipeline.copyInto(AbstractPipeline.java:509)
	at java.base/java.util.stream.AbstractPipeline.wrapAndCopyInto(AbstractPipeline.java:499)
	at java.base/java.util.stream.ForEachOps$ForEachOp.evaluateSequential(ForEachOps.java:150)
	at java.base/java.util.stream.ForEachOps$ForEachOp$OfRef.evaluateSequential(ForEachOps.java:173)
	at java.base/java.util.stream.AbstractPipeline.evaluate(AbstractPipeline.java:234)
	at java.base/java.util.stream.ReferencePipeline.forEach(ReferencePipeline.java:596)
	at org.keycloak.services.DefaultKeycloakSessionFactory.invalidate(DefaultKeycloakSessionFactory.java:367)
	at org.keycloak.services.DefaultKeycloakSession.invalidate(DefaultKeycloakSession.java:108)
	at org.keycloak.services.scheduled.ClearExpiredAdminEvents.run(ClearExpiredAdminEvents.java:33)
	at org.keycloak.services.scheduled.ClusterAwareScheduledTaskRunner$1.call(ClusterAwareScheduledTaskRunner.java:56)
	at org.keycloak.services.scheduled.ClusterAwareScheduledTaskRunner$1.call(ClusterAwareScheduledTaskRunner.java:52)
	at org.keycloak.cluster.infinispan.InfinispanClusterProvider.executeIfNotExecuted(InfinispanClusterProvider.java:78)
	at org.keycloak.services.scheduled.ClusterAwareScheduledTaskRunner.runTask(ClusterAwareScheduledTaskRunner.java:52)
	at org.keycloak.services.scheduled.ScheduledTaskRunner.lambda$run$0(ScheduledTaskRunner.java:59)
	at org.keycloak.models.utils.KeycloakModelUtils.lambda$runJobInTransaction$1(KeycloakModelUtils.java:257)
	at org.keycloak.models.utils.KeycloakModelUtils.runJobInTransactionWithResult(KeycloakModelUtils.java:379)
	at org.keycloak.models.utils.KeycloakModelUtils.runJobInTransaction(KeycloakModelUtils.java:256)
	at org.keycloak.services.scheduled.ScheduledTaskRunner.run(ScheduledTaskRunner.java:53)
	at org.keycloak.timer.basic.BasicTimerProvider$1.run(BasicTimerProvider.java:53)
	at java.base/java.util.TimerThread.mainLoop(Timer.java:566)
	at java.base/java.util.TimerThread.run(Timer.java:516)
Caused by: org.postgresql.util.PSQLException: FATAL: password authentication failed for user "keycloak"
	at org.postgresql.core.v3.ConnectionFactoryImpl.doAuthentication(ConnectionFactoryImpl.java:698)
	at org.postgresql.core.v3.ConnectionFactoryImpl.tryConnect(ConnectionFactoryImpl.java:207)
	at org.postgresql.core.v3.ConnectionFactoryImpl.openConnectionImpl(ConnectionFactoryImpl.java:262)
	at org.postgresql.core.ConnectionFactory.openConnection(ConnectionFactory.java:54)
	at org.postgresql.jdbc.PgConnection.<init>(PgConnection.java:273)
	at org.postgresql.Driver.makeConnection(Driver.java:446)
	at org.postgresql.Driver.connect(Driver.java:298)
	at java.sql/java.sql.DriverManager.getConnection(DriverManager.java:681)
	at java.sql/java.sql.DriverManager.getConnection(DriverManager.java:229)
	at org.postgresql.ds.common.BaseDataSource.getConnection(BaseDataSource.java:104)
	at org.postgresql.xa.PGXADataSource.getXAConnection(PGXADataSource.java:52)
	at org.postgresql.xa.PGXADataSource.getXAConnection(PGXADataSource.java:37)
	at io.agroal.pool.ConnectionFactory.createConnection(ConnectionFactory.java:231)
	at io.agroal.pool.ConnectionPool$CreateConnectionTask.call(ConnectionPool.java:545)
	at io.agroal.pool.ConnectionPool$CreateConnectionTask.call(ConnectionPool.java:526)
	at java.base/java.util.concurrent.FutureTask.run(FutureTask.java:264)
	at io.agroal.pool.util.PriorityScheduledExecutor.beforeExecute(PriorityScheduledExecutor.java:75)
	at java.base/java.util.concurrent.ThreadPoolExecutor.runWorker(ThreadPoolExecutor.java:1134)
	at java.base/java.util.concurrent.ThreadPoolExecutor$Worker.run(ThreadPoolExecutor.java:635)
	at java.base/java.lang.Thread.run(Thread.java:840)

2025-08-07 21:35:34,773 WARN  [io.agroal.pool] (agroal-11) Datasource '<default>': FATAL: password authentication failed for user "keycloak"
2025-08-07 21:35:34,774 WARN  [org.hibernate.engine.jdbc.spi.SqlExceptionHelper] (Timer-0) SQL Error: 0, SQLState: 28P01
2025-08-07 21:35:34,774 ERROR [org.hibernate.engine.jdbc.spi.SqlExceptionHelper] (Timer-0) FATAL: password authentication failed for user "keycloak"
2025-08-07 21:35:34,775 ERROR [org.keycloak.services.scheduled.ScheduledTaskRunner] (Timer-0) Failed to run scheduled task ClearExpiredClientInitialAccessTokens: org.hibernate.exception.GenericJDBCException: Unable to acquire JDBC Connection [FATAL: password authentication failed for user "keycloak"] [n/a]
	at org.hibernate.exception.internal.StandardSQLExceptionConverter.convert(StandardSQLExceptionConverter.java:63)
	at org.hibernate.engine.jdbc.spi.SqlExceptionHelper.convert(SqlExceptionHelper.java:108)
	at org.hibernate.engine.jdbc.spi.SqlExceptionHelper.convert(SqlExceptionHelper.java:94)
	at org.hibernate.resource.jdbc.internal.LogicalConnectionManagedImpl.acquireConnectionIfNeeded(LogicalConnectionManagedImpl.java:116)
	at org.hibernate.resource.jdbc.internal.LogicalConnectionManagedImpl.getPhysicalConnection(LogicalConnectionManagedImpl.java:143)
	at org.hibernate.engine.jdbc.internal.StatementPreparerImpl.connection(StatementPreparerImpl.java:54)
	at org.hibernate.engine.jdbc.internal.StatementPreparerImpl$1.doPrepare(StatementPreparerImpl.java:94)
	at org.hibernate.engine.jdbc.internal.StatementPreparerImpl$StatementPreparationTemplate.prepareStatement(StatementPreparerImpl.java:183)
	at org.hibernate.engine.jdbc.internal.StatementPreparerImpl.prepareStatement(StatementPreparerImpl.java:79)
	at org.hibernate.query.sqm.internal.SimpleDeleteQueryPlan.lambda$executeUpdate$2(SimpleDeleteQueryPlan.java:197)
	at org.hibernate.sql.exec.internal.StandardJdbcMutationExecutor.execute(StandardJdbcMutationExecutor.java:64)
	at org.hibernate.query.sqm.internal.SimpleDeleteQueryPlan.executeUpdate(SimpleDeleteQueryPlan.java:191)
	at org.hibernate.query.sqm.internal.QuerySqmImpl.doExecuteUpdate(QuerySqmImpl.java:705)
	at org.hibernate.query.sqm.internal.QuerySqmImpl.executeUpdate(QuerySqmImpl.java:675)
	at org.keycloak.models.jpa.JpaRealmProvider.removeExpiredClientInitialAccess(JpaRealmProvider.java:1167)
	at org.keycloak.models.cache.infinispan.RealmCacheSession.removeExpiredClientInitialAccess(RealmCacheSession.java:1483)
	at org.keycloak.services.scheduled.ClearExpiredClientInitialAccessTokens.run(ClearExpiredClientInitialAccessTokens.java:30)
	at org.keycloak.services.scheduled.ClusterAwareScheduledTaskRunner$1.call(ClusterAwareScheduledTaskRunner.java:56)
	at org.keycloak.services.scheduled.ClusterAwareScheduledTaskRunner$1.call(ClusterAwareScheduledTaskRunner.java:52)
	at org.keycloak.cluster.infinispan.InfinispanClusterProvider.executeIfNotExecuted(InfinispanClusterProvider.java:78)
	at org.keycloak.services.scheduled.ClusterAwareScheduledTaskRunner.runTask(ClusterAwareScheduledTaskRunner.java:52)
	at org.keycloak.services.scheduled.ScheduledTaskRunner.lambda$run$0(ScheduledTaskRunner.java:59)
	at org.keycloak.models.utils.KeycloakModelUtils.lambda$runJobInTransaction$1(KeycloakModelUtils.java:257)
	at org.keycloak.models.utils.KeycloakModelUtils.runJobInTransactionWithResult(KeycloakModelUtils.java:379)
	at org.keycloak.models.utils.KeycloakModelUtils.runJobInTransaction(KeycloakModelUtils.java:256)
	at org.keycloak.services.scheduled.ScheduledTaskRunner.run(ScheduledTaskRunner.java:53)
	at org.keycloak.timer.basic.BasicTimerProvider$1.run(BasicTimerProvider.java:53)
	at java.base/java.util.TimerThread.mainLoop(Timer.java:566)
	at java.base/java.util.TimerThread.run(Timer.java:516)
Caused by: org.postgresql.util.PSQLException: FATAL: password authentication failed for user "keycloak"
	at org.postgresql.core.v3.ConnectionFactoryImpl.doAuthentication(ConnectionFactoryImpl.java:698)
	at org.postgresql.core.v3.ConnectionFactoryImpl.tryConnect(ConnectionFactoryImpl.java:207)
	at org.postgresql.core.v3.ConnectionFactoryImpl.openConnectionImpl(ConnectionFactoryImpl.java:262)
	at org.postgresql.core.ConnectionFactory.openConnection(ConnectionFactory.java:54)
	at org.postgresql.jdbc.PgConnection.<init>(PgConnection.java:273)
	at org.postgresql.Driver.makeConnection(Driver.java:446)
	at org.postgresql.Driver.connect(Driver.java:298)
	at java.sql/java.sql.DriverManager.getConnection(DriverManager.java:681)
	at java.sql/java.sql.DriverManager.getConnection(DriverManager.java:229)
	at org.postgresql.ds.common.BaseDataSource.getConnection(BaseDataSource.java:104)
	at org.postgresql.xa.PGXADataSource.getXAConnection(PGXADataSource.java:52)
	at org.postgresql.xa.PGXADataSource.getXAConnection(PGXADataSource.java:37)
	at io.agroal.pool.ConnectionFactory.createConnection(ConnectionFactory.java:231)
	at io.agroal.pool.ConnectionPool$CreateConnectionTask.call(ConnectionPool.java:545)
	at io.agroal.pool.ConnectionPool$CreateConnectionTask.call(ConnectionPool.java:526)
	at java.base/java.util.concurrent.FutureTask.run(FutureTask.java:264)
	at io.agroal.pool.util.PriorityScheduledExecutor.beforeExecute(PriorityScheduledExecutor.java:75)
	at java.base/java.util.concurrent.ThreadPoolExecutor.runWorker(ThreadPoolExecutor.java:1134)
	at java.base/java.util.concurrent.ThreadPoolExecutor$Worker.run(ThreadPoolExecutor.java:635)
	at java.base/java.lang.Thread.run(Thread.java:840)

2025-08-07 21:50:34,627 WARN  [io.agroal.pool] (agroal-11) Datasource '<default>': FATAL: password authentication failed for user "keycloak"
2025-08-07 21:50:34,628 WARN  [org.hibernate.engine.jdbc.spi.SqlExceptionHelper] (Timer-0) SQL Error: 0, SQLState: 28P01
2025-08-07 21:50:34,628 ERROR [org.hibernate.engine.jdbc.spi.SqlExceptionHelper] (Timer-0) FATAL: password authentication failed for user "keycloak"
2025-08-07 21:50:34,629 ERROR [org.keycloak.services.scheduled.ScheduledTaskRunner] (Timer-0) Failed to run scheduled task ClearExpiredEvents: org.hibernate.exception.GenericJDBCException: Unable to acquire JDBC Connection [FATAL: password authentication failed for user "keycloak"] [n/a]
	at org.hibernate.exception.internal.StandardSQLExceptionConverter.convert(StandardSQLExceptionConverter.java:63)
	at org.hibernate.engine.jdbc.spi.SqlExceptionHelper.convert(SqlExceptionHelper.java:108)
	at org.hibernate.engine.jdbc.spi.SqlExceptionHelper.convert(SqlExceptionHelper.java:94)
	at org.hibernate.resource.jdbc.internal.LogicalConnectionManagedImpl.acquireConnectionIfNeeded(LogicalConnectionManagedImpl.java:116)
	at org.hibernate.resource.jdbc.internal.LogicalConnectionManagedImpl.getPhysicalConnection(LogicalConnectionManagedImpl.java:143)
	at org.hibernate.engine.jdbc.internal.StatementPreparerImpl.connection(StatementPreparerImpl.java:54)
	at org.hibernate.engine.jdbc.internal.StatementPreparerImpl$5.doPrepare(StatementPreparerImpl.java:153)
	at org.hibernate.engine.jdbc.internal.StatementPreparerImpl$StatementPreparationTemplate.prepareStatement(StatementPreparerImpl.java:183)
	at org.hibernate.engine.jdbc.internal.StatementPreparerImpl.prepareQueryStatement(StatementPreparerImpl.java:155)
	at org.hibernate.sql.exec.spi.JdbcSelectExecutor.lambda$list$0(JdbcSelectExecutor.java:85)
	at org.hibernate.sql.results.jdbc.internal.DeferredResultSetAccess.executeQuery(DeferredResultSetAccess.java:231)
	at org.hibernate.sql.results.jdbc.internal.DeferredResultSetAccess.getResultSet(DeferredResultSetAccess.java:167)
	at org.hibernate.sql.results.jdbc.internal.JdbcValuesResultSetImpl.advanceNext(JdbcValuesResultSetImpl.java:218)
	at org.hibernate.sql.results.jdbc.internal.JdbcValuesResultSetImpl.processNext(JdbcValuesResultSetImpl.java:98)
	at org.hibernate.sql.results.jdbc.internal.AbstractJdbcValues.next(AbstractJdbcValues.java:19)
	at org.hibernate.sql.results.internal.RowProcessingStateStandardImpl.next(RowProcessingStateStandardImpl.java:66)
	at org.hibernate.sql.results.spi.ListResultsConsumer.consume(ListResultsConsumer.java:202)
	at org.hibernate.sql.results.spi.ListResultsConsumer.consume(ListResultsConsumer.java:33)
	at org.hibernate.sql.exec.internal.JdbcSelectExecutorStandardImpl.doExecuteQuery(JdbcSelectExecutorStandardImpl.java:209)
	at org.hibernate.sql.exec.internal.JdbcSelectExecutorStandardImpl.executeQuery(JdbcSelectExecutorStandardImpl.java:83)
	at org.hibernate.sql.exec.spi.JdbcSelectExecutor.list(JdbcSelectExecutor.java:76)
	at org.hibernate.sql.exec.spi.JdbcSelectExecutor.list(JdbcSelectExecutor.java:65)
	at org.hibernate.query.sqm.internal.ConcreteSqmSelectQueryPlan.lambda$new$2(ConcreteSqmSelectQueryPlan.java:137)
	at org.hibernate.query.sqm.internal.ConcreteSqmSelectQueryPlan.withCacheableSqmInterpretation(ConcreteSqmSelectQueryPlan.java:362)
	at org.hibernate.query.sqm.internal.ConcreteSqmSelectQueryPlan.performList(ConcreteSqmSelectQueryPlan.java:303)
	at org.hibernate.query.sqm.internal.QuerySqmImpl.doList(QuerySqmImpl.java:509)
	at org.hibernate.query.spi.AbstractSelectionQuery.list(AbstractSelectionQuery.java:427)
	at org.hibernate.query.Query.getResultList(Query.java:120)
	at org.keycloak.events.jpa.JpaEventStoreProvider.clearExpiredEvents(JpaEventStoreProvider.java:94)
	at org.keycloak.services.scheduled.ClearExpiredEvents.run(ClearExpiredEvents.java:39)
	at org.keycloak.services.scheduled.ClusterAwareScheduledTaskRunner$1.call(ClusterAwareScheduledTaskRunner.java:56)
	at org.keycloak.services.scheduled.ClusterAwareScheduledTaskRunner$1.call(ClusterAwareScheduledTaskRunner.java:52)
	at org.keycloak.cluster.infinispan.InfinispanClusterProvider.executeIfNotExecuted(InfinispanClusterProvider.java:78)
	at org.keycloak.services.scheduled.ClusterAwareScheduledTaskRunner.runTask(ClusterAwareScheduledTaskRunner.java:52)
	at org.keycloak.services.scheduled.ScheduledTaskRunner.lambda$run$0(ScheduledTaskRunner.java:59)
	at org.keycloak.models.utils.KeycloakModelUtils.lambda$runJobInTransaction$1(KeycloakModelUtils.java:257)
	at org.keycloak.models.utils.KeycloakModelUtils.runJobInTransactionWithResult(KeycloakModelUtils.java:379)
	at org.keycloak.models.utils.KeycloakModelUtils.runJobInTransaction(KeycloakModelUtils.java:256)
	at org.keycloak.services.scheduled.ScheduledTaskRunner.run(ScheduledTaskRunner.java:53)
	at org.keycloak.timer.basic.BasicTimerProvider$1.run(BasicTimerProvider.java:53)
	at java.base/java.util.TimerThread.mainLoop(Timer.java:566)
	at java.base/java.util.TimerThread.run(Timer.java:516)
Caused by: org.postgresql.util.PSQLException: FATAL: password authentication failed for user "keycloak"
	at org.postgresql.core.v3.ConnectionFactoryImpl.doAuthentication(ConnectionFactoryImpl.java:698)
	at org.postgresql.core.v3.ConnectionFactoryImpl.tryConnect(ConnectionFactoryImpl.java:207)
	at org.postgresql.core.v3.ConnectionFactoryImpl.openConnectionImpl(ConnectionFactoryImpl.java:262)
	at org.postgresql.core.ConnectionFactory.openConnection(ConnectionFactory.java:54)
	at org.postgresql.jdbc.PgConnection.<init>(PgConnection.java:273)
	at org.postgresql.Driver.makeConnection(Driver.java:446)
	at org.postgresql.Driver.connect(Driver.java:298)
	at java.sql/java.sql.DriverManager.getConnection(DriverManager.java:681)
	at java.sql/java.sql.DriverManager.getConnection(DriverManager.java:229)
	at org.postgresql.ds.common.BaseDataSource.getConnection(BaseDataSource.java:104)
	at org.postgresql.xa.PGXADataSource.getXAConnection(PGXADataSource.java:52)
	at org.postgresql.xa.PGXADataSource.getXAConnection(PGXADataSource.java:37)
	at io.agroal.pool.ConnectionFactory.createConnection(ConnectionFactory.java:231)
	at io.agroal.pool.ConnectionPool$CreateConnectionTask.call(ConnectionPool.java:545)
	at io.agroal.pool.ConnectionPool$CreateConnectionTask.call(ConnectionPool.java:526)
	at java.base/java.util.concurrent.FutureTask.run(FutureTask.java:264)
	at io.agroal.pool.util.PriorityScheduledExecutor.beforeExecute(PriorityScheduledExecutor.java:75)
	at java.base/java.util.concurrent.ThreadPoolExecutor.runWorker(ThreadPoolExecutor.java:1134)
	at java.base/java.util.concurrent.ThreadPoolExecutor$Worker.run(ThreadPoolExecutor.java:635)
	at java.base/java.lang.Thread.run(Thread.java:840)

2025-08-07 21:50:34,684 WARN  [io.agroal.pool] (agroal-11) Datasource '<default>': FATAL: password authentication failed for user "keycloak"
2025-08-07 21:50:34,685 WARN  [org.hibernate.engine.jdbc.spi.SqlExceptionHelper] (Timer-0) SQL Error: 0, SQLState: 28P01
2025-08-07 21:50:34,685 ERROR [org.hibernate.engine.jdbc.spi.SqlExceptionHelper] (Timer-0) FATAL: password authentication failed for user "keycloak"
2025-08-07 21:50:34,686 ERROR [org.keycloak.services.scheduled.ScheduledTaskRunner] (Timer-0) Failed to run scheduled task ClearExpiredUserSessions: org.hibernate.exception.GenericJDBCException: Unable to acquire JDBC Connection [FATAL: password authentication failed for user "keycloak"] [n/a]
	at org.hibernate.exception.internal.StandardSQLExceptionConverter.convert(StandardSQLExceptionConverter.java:63)
	at org.hibernate.engine.jdbc.spi.SqlExceptionHelper.convert(SqlExceptionHelper.java:108)
	at org.hibernate.engine.jdbc.spi.SqlExceptionHelper.convert(SqlExceptionHelper.java:94)
	at org.hibernate.resource.jdbc.internal.LogicalConnectionManagedImpl.acquireConnectionIfNeeded(LogicalConnectionManagedImpl.java:116)
	at org.hibernate.resource.jdbc.internal.LogicalConnectionManagedImpl.getPhysicalConnection(LogicalConnectionManagedImpl.java:143)
	at org.hibernate.engine.jdbc.internal.StatementPreparerImpl.connection(StatementPreparerImpl.java:54)
	at org.hibernate.engine.jdbc.internal.StatementPreparerImpl$5.doPrepare(StatementPreparerImpl.java:153)
	at org.hibernate.engine.jdbc.internal.StatementPreparerImpl$StatementPreparationTemplate.prepareStatement(StatementPreparerImpl.java:183)
	at org.hibernate.engine.jdbc.internal.StatementPreparerImpl.prepareQueryStatement(StatementPreparerImpl.java:155)
	at org.hibernate.sql.exec.spi.JdbcSelectExecutor.lambda$scroll$1(JdbcSelectExecutor.java:102)
	at org.hibernate.sql.results.jdbc.internal.DeferredResultSetAccess.executeQuery(DeferredResultSetAccess.java:231)
	at org.hibernate.sql.results.jdbc.internal.DeferredResultSetAccess.getResultSet(DeferredResultSetAccess.java:167)
	at org.hibernate.sql.results.jdbc.internal.JdbcValuesResultSetImpl.advanceNext(JdbcValuesResultSetImpl.java:218)
	at org.hibernate.sql.results.jdbc.internal.JdbcValuesResultSetImpl.processNext(JdbcValuesResultSetImpl.java:98)
	at org.hibernate.sql.results.jdbc.internal.AbstractJdbcValues.next(AbstractJdbcValues.java:19)
	at org.hibernate.sql.results.internal.RowProcessingStateStandardImpl.next(RowProcessingStateStandardImpl.java:66)
	at org.hibernate.internal.ScrollableResultsImpl.next(ScrollableResultsImpl.java:51)
	at org.hibernate.query.internal.ScrollableResultsIterator.hasNext(ScrollableResultsIterator.java:33)
	at java.base/java.util.Iterator.forEachRemaining(Iterator.java:132)
	at java.base/java.util.Spliterators$IteratorSpliterator.forEachRemaining(Spliterators.java:1845)
	at java.base/java.util.stream.AbstractPipeline.copyInto(AbstractPipeline.java:509)
	at java.base/java.util.stream.AbstractPipeline.wrapAndCopyInto(AbstractPipeline.java:499)
	at java.base/java.util.stream.ForEachOps$ForEachOp.evaluateSequential(ForEachOps.java:150)
	at java.base/java.util.stream.ForEachOps$ForEachOp$OfRef.evaluateSequential(ForEachOps.java:173)
	at java.base/java.util.stream.AbstractPipeline.evaluate(AbstractPipeline.java:234)
	at java.base/java.util.stream.ReferencePipeline.forEach(ReferencePipeline.java:596)
	at org.keycloak.utils.ClosingStream.forEach(ClosingStream.java:128)
	at org.keycloak.models.sessions.infinispan.InfinispanUserSessionProvider.removeAllExpired(InfinispanUserSessionProvider.java:630)
	at org.keycloak.services.scheduled.ClearExpiredUserSessions.run(ClearExpiredUserSessions.java:39)
	at org.keycloak.services.scheduled.ClusterAwareScheduledTaskRunner$1.call(ClusterAwareScheduledTaskRunner.java:56)
	at org.keycloak.services.scheduled.ClusterAwareScheduledTaskRunner$1.call(ClusterAwareScheduledTaskRunner.java:52)
	at org.keycloak.cluster.infinispan.InfinispanClusterProvider.executeIfNotExecuted(InfinispanClusterProvider.java:78)
	at org.keycloak.services.scheduled.ClusterAwareScheduledTaskRunner.runTask(ClusterAwareScheduledTaskRunner.java:52)
	at org.keycloak.services.scheduled.ScheduledTaskRunner.lambda$run$0(ScheduledTaskRunner.java:59)
	at org.keycloak.models.utils.KeycloakModelUtils.lambda$runJobInTransaction$1(KeycloakModelUtils.java:257)
	at org.keycloak.models.utils.KeycloakModelUtils.runJobInTransactionWithResult(KeycloakModelUtils.java:379)
	at org.keycloak.models.utils.KeycloakModelUtils.runJobInTransaction(KeycloakModelUtils.java:256)
	at org.keycloak.services.scheduled.ScheduledTaskRunner.run(ScheduledTaskRunner.java:53)
	at org.keycloak.timer.basic.BasicTimerProvider$1.run(BasicTimerProvider.java:53)
	at java.base/java.util.TimerThread.mainLoop(Timer.java:566)
	at java.base/java.util.TimerThread.run(Timer.java:516)
Caused by: org.postgresql.util.PSQLException: FATAL: password authentication failed for user "keycloak"
	at org.postgresql.core.v3.ConnectionFactoryImpl.doAuthentication(ConnectionFactoryImpl.java:698)
	at org.postgresql.core.v3.ConnectionFactoryImpl.tryConnect(ConnectionFactoryImpl.java:207)
	at org.postgresql.core.v3.ConnectionFactoryImpl.openConnectionImpl(ConnectionFactoryImpl.java:262)
	at org.postgresql.core.ConnectionFactory.openConnection(ConnectionFactory.java:54)
	at org.postgresql.jdbc.PgConnection.<init>(PgConnection.java:273)
	at org.postgresql.Driver.makeConnection(Driver.java:446)
	at org.postgresql.Driver.connect(Driver.java:298)
	at java.sql/java.sql.DriverManager.getConnection(DriverManager.java:681)
	at java.sql/java.sql.DriverManager.getConnection(DriverManager.java:229)
	at org.postgresql.ds.common.BaseDataSource.getConnection(BaseDataSource.java:104)
	at org.postgresql.xa.PGXADataSource.getXAConnection(PGXADataSource.java:52)
	at org.postgresql.xa.PGXADataSource.getXAConnection(PGXADataSource.java:37)
	at io.agroal.pool.ConnectionFactory.createConnection(ConnectionFactory.java:231)
	at io.agroal.pool.ConnectionPool$CreateConnectionTask.call(ConnectionPool.java:545)
	at io.agroal.pool.ConnectionPool$CreateConnectionTask.call(ConnectionPool.java:526)
	at java.base/java.util.concurrent.FutureTask.run(FutureTask.java:264)
	at io.agroal.pool.util.PriorityScheduledExecutor.beforeExecute(PriorityScheduledExecutor.java:75)
	at java.base/java.util.concurrent.ThreadPoolExecutor.runWorker(ThreadPoolExecutor.java:1134)
	at java.base/java.util.concurrent.ThreadPoolExecutor$Worker.run(ThreadPoolExecutor.java:635)
	at java.base/java.lang.Thread.run(Thread.java:840)

2025-08-07 21:50:34,727 WARN  [io.agroal.pool] (agroal-11) Datasource '<default>': FATAL: password authentication failed for user "keycloak"
2025-08-07 21:50:34,728 WARN  [org.hibernate.engine.jdbc.spi.SqlExceptionHelper] (Timer-0) SQL Error: 0, SQLState: 28P01
2025-08-07 21:50:34,728 ERROR [org.hibernate.engine.jdbc.spi.SqlExceptionHelper] (Timer-0) FATAL: password authentication failed for user "keycloak"
2025-08-07 21:50:34,729 ERROR [org.keycloak.services.scheduled.ScheduledTaskRunner] (Timer-0) Failed to run scheduled task ClearExpiredAdminEvents: org.hibernate.exception.GenericJDBCException: Unable to acquire JDBC Connection [FATAL: password authentication failed for user "keycloak"] [n/a]
	at org.hibernate.exception.internal.StandardSQLExceptionConverter.convert(StandardSQLExceptionConverter.java:63)
	at org.hibernate.engine.jdbc.spi.SqlExceptionHelper.convert(SqlExceptionHelper.java:108)
	at org.hibernate.engine.jdbc.spi.SqlExceptionHelper.convert(SqlExceptionHelper.java:94)
	at org.hibernate.resource.jdbc.internal.LogicalConnectionManagedImpl.acquireConnectionIfNeeded(LogicalConnectionManagedImpl.java:116)
	at org.hibernate.resource.jdbc.internal.LogicalConnectionManagedImpl.getPhysicalConnection(LogicalConnectionManagedImpl.java:143)
	at org.hibernate.engine.jdbc.internal.StatementPreparerImpl.connection(StatementPreparerImpl.java:54)
	at org.hibernate.engine.jdbc.internal.StatementPreparerImpl$5.doPrepare(StatementPreparerImpl.java:153)
	at org.hibernate.engine.jdbc.internal.StatementPreparerImpl$StatementPreparationTemplate.prepareStatement(StatementPreparerImpl.java:183)
	at org.hibernate.engine.jdbc.internal.StatementPreparerImpl.prepareQueryStatement(StatementPreparerImpl.java:155)
	at org.hibernate.sql.exec.spi.JdbcSelectExecutor.lambda$scroll$1(JdbcSelectExecutor.java:102)
	at org.hibernate.sql.results.jdbc.internal.DeferredResultSetAccess.executeQuery(DeferredResultSetAccess.java:231)
	at org.hibernate.sql.results.jdbc.internal.DeferredResultSetAccess.getResultSet(DeferredResultSetAccess.java:167)
	at org.hibernate.sql.results.jdbc.internal.JdbcValuesResultSetImpl.advanceNext(JdbcValuesResultSetImpl.java:218)
	at org.hibernate.sql.results.jdbc.internal.JdbcValuesResultSetImpl.processNext(JdbcValuesResultSetImpl.java:98)
	at org.hibernate.sql.results.jdbc.internal.AbstractJdbcValues.next(AbstractJdbcValues.java:19)
	at org.hibernate.sql.results.internal.RowProcessingStateStandardImpl.next(RowProcessingStateStandardImpl.java:66)
	at org.hibernate.internal.ScrollableResultsImpl.next(ScrollableResultsImpl.java:51)
	at org.hibernate.query.internal.ScrollableResultsIterator.hasNext(ScrollableResultsIterator.java:33)
	at java.base/java.util.Iterator.forEachRemaining(Iterator.java:132)
	at java.base/java.util.Spliterators$IteratorSpliterator.forEachRemaining(Spliterators.java:1845)
	at java.base/java.util.stream.AbstractPipeline.copyInto(AbstractPipeline.java:509)
	at java.base/java.util.stream.AbstractPipeline.wrapAndCopyInto(AbstractPipeline.java:499)
	at java.base/java.util.stream.ReduceOps$ReduceOp.evaluateSequential(ReduceOps.java:921)
	at java.base/java.util.stream.AbstractPipeline.evaluate(AbstractPipeline.java:234)
	at java.base/java.util.stream.ReferencePipeline.collect(ReferencePipeline.java:682)
	at org.keycloak.events.jpa.JpaEventStoreProvider.clearExpiredAdminEvents(JpaEventStoreProvider.java:265)
	at org.keycloak.events.jpa.JpaEventStoreProviderFactory.invalidate(JpaEventStoreProviderFactory.java:63)
	at org.keycloak.services.DefaultKeycloakSessionFactory.lambda$invalidate$0(DefaultKeycloakSessionFactory.java:367)
	at java.base/java.util.stream.ForEachOps$ForEachOp$OfRef.accept(ForEachOps.java:183)
	at java.base/java.util.stream.ReferencePipeline$3$1.accept(ReferencePipeline.java:197)
	at java.base/java.util.stream.ReferencePipeline$2$1.accept(ReferencePipeline.java:179)
	at java.base/java.util.HashMap$ValueSpliterator.forEachRemaining(HashMap.java:1779)
	at java.base/java.util.stream.ReferencePipeline$Head.forEach(ReferencePipeline.java:762)
	at java.base/java.util.stream.ReferencePipeline$7$1.accept(ReferencePipeline.java:276)
	at java.base/java.util.stream.ReferencePipeline$3$1.accept(ReferencePipeline.java:197)
	at java.base/java.util.HashMap$ValueSpliterator.forEachRemaining(HashMap.java:1779)
	at java.base/java.util.stream.AbstractPipeline.copyInto(AbstractPipeline.java:509)
	at java.base/java.util.stream.AbstractPipeline.wrapAndCopyInto(AbstractPipeline.java:499)
	at java.base/java.util.stream.ForEachOps$ForEachOp.evaluateSequential(ForEachOps.java:150)
	at java.base/java.util.stream.ForEachOps$ForEachOp$OfRef.evaluateSequential(ForEachOps.java:173)
	at java.base/java.util.stream.AbstractPipeline.evaluate(AbstractPipeline.java:234)
	at java.base/java.util.stream.ReferencePipeline.forEach(ReferencePipeline.java:596)
	at org.keycloak.services.DefaultKeycloakSessionFactory.invalidate(DefaultKeycloakSessionFactory.java:367)
	at org.keycloak.services.DefaultKeycloakSession.invalidate(DefaultKeycloakSession.java:108)
	at org.keycloak.services.scheduled.ClearExpiredAdminEvents.run(ClearExpiredAdminEvents.java:33)
	at org.keycloak.services.scheduled.ClusterAwareScheduledTaskRunner$1.call(ClusterAwareScheduledTaskRunner.java:56)
	at org.keycloak.services.scheduled.ClusterAwareScheduledTaskRunner$1.call(ClusterAwareScheduledTaskRunner.java:52)
	at org.keycloak.cluster.infinispan.InfinispanClusterProvider.executeIfNotExecuted(InfinispanClusterProvider.java:78)
	at org.keycloak.services.scheduled.ClusterAwareScheduledTaskRunner.runTask(ClusterAwareScheduledTaskRunner.java:52)
	at org.keycloak.services.scheduled.ScheduledTaskRunner.lambda$run$0(ScheduledTaskRunner.java:59)
	at org.keycloak.models.utils.KeycloakModelUtils.lambda$runJobInTransaction$1(KeycloakModelUtils.java:257)
	at org.keycloak.models.utils.KeycloakModelUtils.runJobInTransactionWithResult(KeycloakModelUtils.java:379)
	at org.keycloak.models.utils.KeycloakModelUtils.runJobInTransaction(KeycloakModelUtils.java:256)
	at org.keycloak.services.scheduled.ScheduledTaskRunner.run(ScheduledTaskRunner.java:53)
	at org.keycloak.timer.basic.BasicTimerProvider$1.run(BasicTimerProvider.java:53)
	at java.base/java.util.TimerThread.mainLoop(Timer.java:566)
	at java.base/java.util.TimerThread.run(Timer.java:516)
Caused by: org.postgresql.util.PSQLException: FATAL: password authentication failed for user "keycloak"
	at org.postgresql.core.v3.ConnectionFactoryImpl.doAuthentication(ConnectionFactoryImpl.java:698)
	at org.postgresql.core.v3.ConnectionFactoryImpl.tryConnect(ConnectionFactoryImpl.java:207)
	at org.postgresql.core.v3.ConnectionFactoryImpl.openConnectionImpl(ConnectionFactoryImpl.java:262)
	at org.postgresql.core.ConnectionFactory.openConnection(ConnectionFactory.java:54)
	at org.postgresql.jdbc.PgConnection.<init>(PgConnection.java:273)
	at org.postgresql.Driver.makeConnection(Driver.java:446)
	at org.postgresql.Driver.connect(Driver.java:298)
	at java.sql/java.sql.DriverManager.getConnection(DriverManager.java:681)
	at java.sql/java.sql.DriverManager.getConnection(DriverManager.java:229)
	at org.postgresql.ds.common.BaseDataSource.getConnection(BaseDataSource.java:104)
	at org.postgresql.xa.PGXADataSource.getXAConnection(PGXADataSource.java:52)
	at org.postgresql.xa.PGXADataSource.getXAConnection(PGXADataSource.java:37)
	at io.agroal.pool.ConnectionFactory.createConnection(ConnectionFactory.java:231)
	at io.agroal.pool.ConnectionPool$CreateConnectionTask.call(ConnectionPool.java:545)
	at io.agroal.pool.ConnectionPool$CreateConnectionTask.call(ConnectionPool.java:526)
	at java.base/java.util.concurrent.FutureTask.run(FutureTask.java:264)
	at io.agroal.pool.util.PriorityScheduledExecutor.beforeExecute(PriorityScheduledExecutor.java:75)
	at java.base/java.util.concurrent.ThreadPoolExecutor.runWorker(ThreadPoolExecutor.java:1134)
	at java.base/java.util.concurrent.ThreadPoolExecutor$Worker.run(ThreadPoolExecutor.java:635)
	at java.base/java.lang.Thread.run(Thread.java:840)

2025-08-07 21:50:34,774 WARN  [io.agroal.pool] (agroal-11) Datasource '<default>': FATAL: password authentication failed for user "keycloak"
2025-08-07 21:50:34,775 WARN  [org.hibernate.engine.jdbc.spi.SqlExceptionHelper] (Timer-0) SQL Error: 0, SQLState: 28P01
2025-08-07 21:50:34,775 ERROR [org.hibernate.engine.jdbc.spi.SqlExceptionHelper] (Timer-0) FATAL: password authentication failed for user "keycloak"
2025-08-07 21:50:34,776 ERROR [org.keycloak.services.scheduled.ScheduledTaskRunner] (Timer-0) Failed to run scheduled task ClearExpiredClientInitialAccessTokens: org.hibernate.exception.GenericJDBCException: Unable to acquire JDBC Connection [FATAL: password authentication failed for user "keycloak"] [n/a]
	at org.hibernate.exception.internal.StandardSQLExceptionConverter.convert(StandardSQLExceptionConverter.java:63)
	at org.hibernate.engine.jdbc.spi.SqlExceptionHelper.convert(SqlExceptionHelper.java:108)
	at org.hibernate.engine.jdbc.spi.SqlExceptionHelper.convert(SqlExceptionHelper.java:94)
	at org.hibernate.resource.jdbc.internal.LogicalConnectionManagedImpl.acquireConnectionIfNeeded(LogicalConnectionManagedImpl.java:116)
	at org.hibernate.resource.jdbc.internal.LogicalConnectionManagedImpl.getPhysicalConnection(LogicalConnectionManagedImpl.java:143)
	at org.hibernate.engine.jdbc.internal.StatementPreparerImpl.connection(StatementPreparerImpl.java:54)
	at org.hibernate.engine.jdbc.internal.StatementPreparerImpl$1.doPrepare(StatementPreparerImpl.java:94)
	at org.hibernate.engine.jdbc.internal.StatementPreparerImpl$StatementPreparationTemplate.prepareStatement(StatementPreparerImpl.java:183)
	at org.hibernate.engine.jdbc.internal.StatementPreparerImpl.prepareStatement(StatementPreparerImpl.java:79)
	at org.hibernate.query.sqm.internal.SimpleDeleteQueryPlan.lambda$executeUpdate$2(SimpleDeleteQueryPlan.java:197)
	at org.hibernate.sql.exec.internal.StandardJdbcMutationExecutor.execute(StandardJdbcMutationExecutor.java:64)
	at org.hibernate.query.sqm.internal.SimpleDeleteQueryPlan.executeUpdate(SimpleDeleteQueryPlan.java:191)
	at org.hibernate.query.sqm.internal.QuerySqmImpl.doExecuteUpdate(QuerySqmImpl.java:705)
	at org.hibernate.query.sqm.internal.QuerySqmImpl.executeUpdate(QuerySqmImpl.java:675)
	at org.keycloak.models.jpa.JpaRealmProvider.removeExpiredClientInitialAccess(JpaRealmProvider.java:1167)
	at org.keycloak.models.cache.infinispan.RealmCacheSession.removeExpiredClientInitialAccess(RealmCacheSession.java:1483)
	at org.keycloak.services.scheduled.ClearExpiredClientInitialAccessTokens.run(ClearExpiredClientInitialAccessTokens.java:30)
	at org.keycloak.services.scheduled.ClusterAwareScheduledTaskRunner$1.call(ClusterAwareScheduledTaskRunner.java:56)
	at org.keycloak.services.scheduled.ClusterAwareScheduledTaskRunner$1.call(ClusterAwareScheduledTaskRunner.java:52)
	at org.keycloak.cluster.infinispan.InfinispanClusterProvider.executeIfNotExecuted(InfinispanClusterProvider.java:78)
	at org.keycloak.services.scheduled.ClusterAwareScheduledTaskRunner.runTask(ClusterAwareScheduledTaskRunner.java:52)
	at org.keycloak.services.scheduled.ScheduledTaskRunner.lambda$run$0(ScheduledTaskRunner.java:59)
	at org.keycloak.models.utils.KeycloakModelUtils.lambda$runJobInTransaction$1(KeycloakModelUtils.java:257)
	at org.keycloak.models.utils.KeycloakModelUtils.runJobInTransactionWithResult(KeycloakModelUtils.java:379)
	at org.keycloak.models.utils.KeycloakModelUtils.runJobInTransaction(KeycloakModelUtils.java:256)
	at org.keycloak.services.scheduled.ScheduledTaskRunner.run(ScheduledTaskRunner.java:53)
	at org.keycloak.timer.basic.BasicTimerProvider$1.run(BasicTimerProvider.java:53)
	at java.base/java.util.TimerThread.mainLoop(Timer.java:566)
	at java.base/java.util.TimerThread.run(Timer.java:516)
Caused by: org.postgresql.util.PSQLException: FATAL: password authentication failed for user "keycloak"
	at org.postgresql.core.v3.ConnectionFactoryImpl.doAuthentication(ConnectionFactoryImpl.java:698)
	at org.postgresql.core.v3.ConnectionFactoryImpl.tryConnect(ConnectionFactoryImpl.java:207)
	at org.postgresql.core.v3.ConnectionFactoryImpl.openConnectionImpl(ConnectionFactoryImpl.java:262)
	at org.postgresql.core.ConnectionFactory.openConnection(ConnectionFactory.java:54)
	at org.postgresql.jdbc.PgConnection.<init>(PgConnection.java:273)
	at org.postgresql.Driver.makeConnection(Driver.java:446)
	at org.postgresql.Driver.connect(Driver.java:298)
	at java.sql/java.sql.DriverManager.getConnection(DriverManager.java:681)
	at java.sql/java.sql.DriverManager.getConnection(DriverManager.java:229)
	at org.postgresql.ds.common.BaseDataSource.getConnection(BaseDataSource.java:104)
	at org.postgresql.xa.PGXADataSource.getXAConnection(PGXADataSource.java:52)
	at org.postgresql.xa.PGXADataSource.getXAConnection(PGXADataSource.java:37)
	at io.agroal.pool.ConnectionFactory.createConnection(ConnectionFactory.java:231)
	at io.agroal.pool.ConnectionPool$CreateConnectionTask.call(ConnectionPool.java:545)
	at io.agroal.pool.ConnectionPool$CreateConnectionTask.call(ConnectionPool.java:526)
	at java.base/java.util.concurrent.FutureTask.run(FutureTask.java:264)
	at io.agroal.pool.util.PriorityScheduledExecutor.beforeExecute(PriorityScheduledExecutor.java:75)
	at java.base/java.util.concurrent.ThreadPoolExecutor.runWorker(ThreadPoolExecutor.java:1134)
	at java.base/java.util.concurrent.ThreadPoolExecutor$Worker.run(ThreadPoolExecutor.java:635)
	at java.base/java.lang.Thread.run(Thread.java:840)

